Top pages,Clicks,Impressions,CTR,Position
https://imagetourl.cloud/en/,965,27686,3.49%,25.99
https://imagetourl.cloud/en/png-to-url/,889,7864,11.30%,6.35
https://imagetourl.cloud/en/jpg-to-url/,473,10501,4.50%,17.65
https://imagetourl.cloud/en/gif-to-url/,261,2459,10.61%,10.76
https://imagetourl.cloud/ru/konvertirovat-png-v-ssylku/,84,329,25.53%,5.26
https://imagetourl.cloud/es/convertir-png-a-url/,77,530,14.53%,9.29
https://imagetourl.cloud/en/webp-to-url/,74,359,20.61%,4.92
https://imagetourl.cloud/fa/تبدیل-عکس-به-لینک/,63,435,14.48%,8.3
https://imagetourl.cloud/fr/convertir-png-en-url/,63,330,19.09%,6.95
https://imagetourl.cloud/es/convertir-gif-a-url/,41,254,16.14%,7.24
https://imagetourl.cloud/en/photo-to-url/,39,1183,3.30%,44.18
https://imagetourl.cloud/ja/png-画像-url-変換/,38,462,8.23%,7.19
https://imagetourl.cloud/id/,37,459,8.06%,9.45
https://imagetourl.cloud/ru/luchshaya-alternativa-imgur/,35,1116,3.14%,9.22
https://www.imagetourl.cloud/de/tools/gif-to-url,35,569,6.15%,8.02
https://imagetourl.cloud/ru/foto-v-ssylku/,34,675,5.04%,10.66
https://imagetourl.cloud/en/permanent-image-hosting/,33,511,6.46%,10.19
https://imagetourl.cloud/en/image-url-for-chatgpt/,30,262,11.45%,7.6
https://imagetourl.cloud/ru/,26,1114,2.33%,11.53
https://imagetourl.cloud/ja/写真-url-変換/,24,538,4.46%,15.13
https://imagetourl.cloud/th/,23,710,3.24%,9.09
https://imagetourl.cloud/ja/画像-url-生成/,23,547,4.20%,11.79
https://www.imagetourl.cloud/en,22,704,3.12%,56.07
https://imagetourl.cloud/ru/gif-v-url/,21,101,20.79%,10.3
https://imagetourl.cloud/fa/آپلود-گروهی-تصاویر/,18,48,37.50%,5.21
https://imagetourl.cloud/ja/画像-url-永続化/,17,68,25%,7.34
https://imagetourl.cloud/fr/convertir-photo-en-url/,16,261,6.13%,9.85
https://imagetourl.cloud/ja/,15,198,7.58%,14.78
https://imagetourl.cloud/zh-Hant/圖片轉網址產生器/,15,61,24.59%,10.8
https://imagetourl.cloud/ru/besplatnyy-generator-ssylok-na-izobrazheniya/,14,190,7.37%,17.46
https://imagetourl.cloud/ja/imgur-no-daitai-service/,14,178,7.87%,7.11
https://imagetourl.cloud/th/แปลง-jpg-เป็น-url/,13,178,7.30%,7.69
https://imagetourl.cloud/fr/gif-vers-url/,13,134,9.70%,10.51
https://www.imagetourl.cloud/bn/tools/gif-to-url,13,128,10.16%,11.46
https://imagetourl.cloud/es/convertir-jpg-a-url/,12,229,5.24%,19.86
https://imagetourl.cloud/zh-Hant/jpg-轉-url-連結/,12,85,14.12%,8.41
https://imagetourl.cloud/pt-BR/,11,161,6.83%,21.81
https://imagetourl.cloud/id/ubah-png-ke-url/,11,98,11.22%,7.48
https://imagetourl.cloud/en/blog/free-image-hosting-image-to-url,10,3995,0.25%,66.98
https://imagetourl.cloud/es/,10,253,3.95%,7.75
https://imagetourl.cloud/fr/convertir-capture-ecran-en-url/,10,72,13.89%,6.86
https://imagetourl.cloud/fa/blog/تبدیل-تصویر-به-لینک-imagetourl,10,33,30.30%,5.79
https://www.imagetourl.cloud/en/tools/image-to-url,9,671,1.34%,58.89
https://imagetourl.cloud/en/screenshot-to-url/,9,445,2.02%,20.73
https://imagetourl.cloud/en/anonymous-image-upload/,9,312,2.88%,41.29
https://imagetourl.cloud/ja/jpg-画像-url-変換/,9,298,3.02%,11.39
https://imagetourl.cloud/fr/convertir-jpg-en-url/,9,143,6.29%,12.87
https://imagetourl.cloud/en/bulk-image-upload/,9,122,7.38%,28.66
https://imagetourl.cloud/it/converti-png-in-url/,9,86,10.47%,8.08
https://imagetourl.cloud/fr/generateur-url-image-gratuit/,9,48,18.75%,14.5
https://imagetourl.cloud/en/image-url-generator/,8,1863,0.43%,69.76
https://imagetourl.cloud/en/image-embed-code-generator/,8,256,3.12%,36.58
https://imagetourl.cloud/fr/,8,146,5.48%,8.54
https://imagetourl.cloud/ja/blog/画像-共有-url-変換-方法,8,134,5.97%,16.96
https://imagetourl.cloud/ja/gif-を-url-に変換/,8,133,6.02%,7.87
https://imagetourl.cloud/ko/webp-이미지-url-변환/,8,85,9.41%,5.93
https://imagetourl.cloud/pl/konwersja-png-na-url/,8,73,10.96%,6.34
https://imagetourl.cloud/fr/url-image-pour-chatgpt/,8,32,25%,6.5
https://imagetourl.cloud/id/ubah-gif-ke-url/,8,30,26.67%,7.53
https://imagetourl.cloud/ar/تحويل-gif-إلى-url/,8,26,30.77%,8.23
https://imagetourl.cloud/zh-Hant/blog/什麼是-image-url-新手指南,7,239,2.93%,25.62
https://imagetourl.cloud/pl/,7,212,3.30%,9.69
https://imagetourl.cloud/id/blog/cara-mengubah-gambar-menjadi-url,7,212,3.30%,13.15
https://imagetourl.cloud/en/image-to-url-for-whatsapp/,7,183,3.83%,8.85
https://imagetourl.cloud/fr/partager-images-whatsapp-url/,7,170,4.12%,7.28
https://imagetourl.cloud/it/,7,125,5.60%,19.66
https://imagetourl.cloud/th/แปลง-รูปภาพ-เป็น-ลิงก์/,7,92,7.61%,8.85
https://imagetourl.cloud/vi/chuyen-doi-png-thanh-url/,7,63,11.11%,8.16
https://imagetourl.cloud/fr/generateur-code-embed-image/,7,51,13.73%,7.69
https://imagetourl.cloud/en/blog/top-10-free-image-hosting-options,6,710,0.85%,29.63
https://imagetourl.cloud/en/free-image-hosting/,6,216,2.78%,46.65
https://imagetourl.cloud/es/generador-de-url-de-imagen/,6,188,3.19%,17.78
https://imagetourl.cloud/de/bild-zu-url-konverter/,6,148,4.05%,42.83
https://imagetourl.cloud/it/converti-jpg-in-url/,6,131,4.58%,11.27
https://imagetourl.cloud/ja/webp-url-henkan/,6,69,8.70%,6.94
https://imagetourl.cloud/ru/konvertirovat-jpg-v-ssylku/,6,53,11.32%,12.55
https://imagetourl.cloud/ja/匿名-画像-アップロード/,6,41,14.63%,9.41
https://imagetourl.cloud/es/subir-imagenes-anonimo/,5,129,3.88%,10.56
https://imagetourl.cloud/ko/사진-url-변환/,5,109,4.59%,15.5
https://imagetourl.cloud/ko/png-이미지를-url로-변환/,5,97,5.15%,10.63
https://www.imagetourl.cloud/zh,5,52,9.62%,7.12
https://imagetourl.cloud/th/แปลง-gif-เป็น-url/,5,46,10.87%,6.61
https://imagetourl.cloud/it/screenshot-in-url-convertire/,5,45,11.11%,6.58
https://imagetourl.cloud/zh-Hans/png-zhuan-url-lian-jie/,5,39,12.82%,7.03
https://www.imagetourl.cloud/ru/konvertirovat-png-v-ssylku/,5,19,26.32%,5
https://imagetourl.cloud/en/image-to-url-vercel/,5,18,27.78%,6.11
https://imagetourl.cloud/fa/جایگزین-cloudinary/,5,15,33.33%,12.6
https://imagetourl.cloud/pl/darmowy-hosting-zdjec/,4,702,0.57%,29.64
https://imagetourl.cloud/en/imgur-alternative/,4,504,0.79%,29.04
https://imagetourl.cloud/ja/blog/画像url-初心者向け-完全ガイド,4,313,1.28%,11.39
https://imagetourl.cloud/ru/skrinshot-v-ssylku/,4,192,2.08%,12.73
https://imagetourl.cloud/,4,177,2.26%,50.29
https://imagetourl.cloud/zh-Hant/blog/圖片-轉換-可分享-url-教學,4,141,2.84%,13.84
https://imagetourl.cloud/pl/zdjecie-na-link/,4,100,4%,12.69
https://imagetourl.cloud/tr/ekran-goruntusunu-url-yap/,4,69,5.80%,8.75
https://imagetourl.cloud/zh-Hant/將-gif-轉換為-url/,4,54,7.41%,9.93
https://imagetourl.cloud/fr/meilleure-alternative-imgur/,4,41,9.76%,7.76
https://imagetourl.cloud/ar/روابط-صور-لـ-chatgpt/,4,37,10.81%,7.65
https://imagetourl.cloud/th/แปลง-png-เป็น-url/,4,29,13.79%,5.48
https://imagetourl.cloud/pl/zrzut-ekranu-na-url/,4,19,21.05%,6.89
https://imagetourl.cloud/fr/convertir-webp-en-url/,4,15,26.67%,5.53
https://imagetourl.cloud/ar/تحويل-webp-إلى-رابط/,4,13,30.77%,16.15
https://imagetourl.cloud/en/blog/direct-image-links-vs-regular-links-whats-the-difference-and-when-to-use-each,3,292,1.03%,18.56
https://imagetourl.cloud/ko/blog/이미지-공유-가능한-url-변환-방법,3,187,1.60%,17.25
https://imagetourl.cloud/en/free-image-cdn/,3,158,1.90%,57.53
https://imagetourl.cloud/guides/why-reddit-strips-exif/,3,95,3.16%,9.98
https://imagetourl.cloud/ru/pryamye-ssylki-na-izobrazheniya/,3,80,3.75%,37.33
https://imagetourl.cloud/it/converti-foto-in-url/,3,76,3.95%,15.59
https://imagetourl.cloud/zh-Hant/,3,72,4.17%,8.94
https://imagetourl.cloud/en/image-hosting-for-discord/,3,62,4.84%,12.53
https://imagetourl.cloud/ar/,3,62,4.84%,14.52
https://imagetourl.cloud/ko/blog/이미지-url-개념-초보자-가이드,3,61,4.92%,18.8
https://imagetourl.cloud/en/blog/Image-URL-for-WhatsApp-and-Telegram-iexhbi,3,59,5.08%,19.39
https://imagetourl.cloud/pl/najlepsza-alternatywa-dla-imgur/,3,57,5.26%,7.11
https://imagetourl.cloud/it/generatore-codice-embed-immagini/,3,48,6.25%,23.06
https://imagetourl.cloud/id/ubah-foto-ke-url/,3,42,7.14%,15.71
https://imagetourl.cloud/ko/,3,42,7.14%,38.62
https://imagetourl.cloud/fr/image-vers-url-permanent/,3,33,9.09%,12.61
https://imagetourl.cloud/de/png-in-url-umwandeln/,3,21,14.29%,22.67
https://imagetourl.cloud/vi/chuyen-doi-gif-sang-url/,3,17,17.65%,6.41
https://imagetourl.cloud/id/blog/Image-URL-for-WhatsApp-and-Telegram-iexhbi,3,13,23.08%,6.15
https://imagetourl.cloud/fa/cdn-رایگان-تصاویر/,3,13,23.08%,11.69
https://imagetourl.cloud/zh-Hant/webp-轉-url/,3,11,27.27%,7.27
https://imagetourl.cloud/fa/تبدیل-عکس-png-به-لینک/,3,8,37.50%,2.75
https://www.imagetourl.cloud/fr/use-cases/telegram,3,7,42.86%,5.29
https://imagetourl.cloud/it/blog/free-image-hosting-image-to-url,2,465,0.43%,50.35
https://imagetourl.cloud/en/imgbb-alternative/,2,193,1.04%,12.63
https://imagetourl.cloud/it/hosting-immagini-gratuito/,2,142,1.41%,37.27
https://imagetourl.cloud/en/image-hosting-for-email-signatures/,2,136,1.47%,18.17
https://imagetourl.cloud/it/condividi-immagini-whatsapp-url/,2,135,1.48%,7.37
https://imagetourl.cloud/sw/blog/free-image-hosting-image-to-url,2,119,1.68%,68.87
https://imagetourl.cloud/it/generatore-url-immagini-gratuito/,2,108,1.85%,28.69
https://imagetourl.cloud/fr/cdn-images-gratuit/,2,104,1.92%,23.44
https://imagetourl.cloud/es/blog/convertir-imagen-a-url-compartible,2,94,2.13%,51.82
https://imagetourl.cloud/ur/,2,82,2.44%,8.84
https://imagetourl.cloud/th/แปลง-ภาพหน้าจอ-เป็น-ลิงก์/,2,76,2.63%,9.87
https://imagetourl.cloud/id/ubah-gambar-jpg-ke-url/,2,74,2.70%,18.54
https://imagetourl.cloud/ru/blog/chto-takoe-url-izobrazheniya-rukovodstvo,2,65,3.08%,9.63
https://imagetourl.cloud/fa/تبدیل-تصویر-به-لینک-دائمی/,2,58,3.45%,7.6
https://imagetourl.cloud/es/convertir-foto-a-url/,2,56,3.57%,34.04
https://imagetourl.cloud/ko/jpg-이미지를-url로-변환/,2,55,3.64%,9.47
https://imagetourl.cloud/zh-Hant/螢幕截圖-轉-連結/,2,52,3.85%,5.35
https://imagetourl.cloud/es/alojamiento-imagenes-gratis/,2,50,4%,38.88
https://imagetourl.cloud/pl/anonimowe-przesylanie-zdjec/,2,47,4.26%,10.57
https://imagetourl.cloud/fr/blog/quest-ce-qu-une-url-image,2,34,5.88%,7.62
https://imagetourl.cloud/tr/png-resmini-url-linke-cevir/,2,33,6.06%,8.61
https://imagetourl.cloud/ru/vechnaya-ssylka-na-izobrazhenie/,2,33,6.06%,9.21
https://imagetourl.cloud/pt-BR/converter-jpg-para-url/,2,32,6.25%,9.38
https://imagetourl.cloud/en/features,2,30,6.67%,15.07
https://imagetourl.cloud/image-hosting-for-pinterest/,2,28,7.14%,9.96
https://imagetourl.cloud/ja/画像-direct-link-作成/,2,23,8.70%,7.22
https://imagetourl.cloud/it/hosting-immagini-ebay/,2,21,9.52%,9.52
https://imagetourl.cloud/ja/画像-一括-アップロード/,2,17,11.76%,6.65
https://imagetourl.cloud/ar/تحويل-صورة-jpg-إلى-رابط/,2,16,12.50%,9.44
https://imagetourl.cloud/ar/تحويل-الصورة-إلى-رابط/,2,16,12.50%,13.38
https://imagetourl.cloud/zh-Hant/png-轉-url-連結/,2,15,13.33%,6.47
https://imagetourl.cloud/th/แปลง-รูปภาพ-เป็น-ลิงก์-ถาวร/,2,15,13.33%,8.8
https://imagetourl.cloud/zh-Hans/永久图片链接托管/,2,14,14.29%,9.71
https://imagetourl.cloud/ru/webp-v-ssylku/,2,11,18.18%,5.55
https://imagetourl.cloud/fa/بهترین-جایگزین-imgur/,2,9,22.22%,12.11
https://www.imagetourl.cloud/ru/webp-v-ssylku/,2,8,25%,3.75
https://imagetourl.cloud/pt-BR/converter-webp-para-url/,2,8,25%,4.62
https://imagetourl.cloud/ar/استضافة-صور-لـ-discord/,2,6,33.33%,7.17
https://imagetourl.cloud/ms/tukar-gif-ke-url/,2,3,66.67%,3.67
https://imagetourl.cloud/th/แปลง-webp-เป็น-url/,2,3,66.67%,4.67
https://imagetourl.cloud/guides/responsive-images-cheatsheet/,1,190,0.53%,54.4
https://imagetourl.cloud/it/blog/cos-e-un-url-immagine-guida-completa,1,154,0.65%,15.26
https://imagetourl.cloud/es/blog/free-image-hosting-image-to-url,1,153,0.65%,30.48
https://imagetourl.cloud/dropbox-direct-image-link/,1,121,0.83%,59.87
https://imagetourl.cloud/imgur-vs-imgbb/,1,117,0.85%,11.68
https://imagetourl.cloud/de/jpg-in-url-umwandeln/,1,114,0.88%,57.63
https://imagetourl.cloud/en/blog/how-to-convert-any-image-to-a-shareable-url-in-seconds-step-by-step-o6rf1r,1,96,1.04%,50.7
https://imagetourl.cloud/te/blog/what-is-an-image-url-a-complete-beginners-guide,1,93,1.08%,82.99
https://imagetourl.cloud/blog/how-to-convert-any-image-to-a-shareable-url-in-seconds-step-by-step-o6rf1r,1,91,1.10%,84.09
https://imagetourl.cloud/en/image-hosting-for-forums/,1,78,1.28%,44.46
https://imagetourl.cloud/en/direct-image-link/,1,68,1.47%,27.43
https://imagetourl.cloud/how-long-does-imagetourl-store-images/,1,64,1.56%,8.67
https://imagetourl.cloud/en/about/,1,62,1.61%,9.68
https://imagetourl.cloud/es/mejor-alternativa-a-imgur/,1,62,1.61%,12.06
https://imagetourl.cloud/ja/blog,1,58,1.72%,13.4
https://imagetourl.cloud/es/cdn-imagenes-gratis/,1,48,2.08%,36.69
https://imagetourl.cloud/de/,1,47,2.13%,41.49
https://imagetourl.cloud/en/blog/how-to-embed-hosted-images,1,45,2.22%,22.33
https://imagetourl.cloud/fr/blog/free-image-hosting-image-to-url,1,45,2.22%,25.22
https://imagetourl.cloud/fr/hebergement-images-forums/,1,44,2.27%,25.32
https://imagetourl.cloud/ar/مشاركة-الصور-عبر-رابط-واتساب/,1,42,2.38%,45.52
https://imagetourl.cloud/it/migliore-alternativa-imgur/,1,37,2.70%,9.16
https://imagetourl.cloud/ko/무료-이미지-호스팅/,1,35,2.86%,29.77
https://imagetourl.cloud/pl/darmowy-generator-url-obrazow/,1,34,2.94%,20.44
https://imagetourl.cloud/ta/tools/webp-to-url,1,33,3.03%,7.18
https://imagetourl.cloud/id/bagikan-gambar-whatsapp-url/,1,33,3.03%,7.39
https://imagetourl.cloud/ru/besplatnyy-hosting-izobrazheniy-imagetourl/,1,32,3.12%,7.47
https://imagetourl.cloud/fr/telechargement-images-masse/,1,32,3.12%,14.38
https://imagetourl.cloud/id/link-gambar-langsung/,1,32,3.12%,40.66
https://imagetourl.cloud/de/anonymer-bild-upload/,1,32,3.12%,60.38
https://imagetourl.cloud/tr/blog/resmi-paylasilabilir-url-donusturme,1,30,3.33%,21.77
https://imagetourl.cloud/fr/hebergement-image-discord/,1,29,3.45%,7.69
https://imagetourl.cloud/ja/スクリーンショット-url-変換/,1,29,3.45%,9.93
https://imagetourl.cloud/ko/영구-이미지-url-생성/,1,29,3.45%,10.28
https://imagetourl.cloud/ja/無料-画像-ホスティング/,1,28,3.57%,19.75
https://imagetourl.cloud/th/สร้าง-url-รูปภาพ-ฟรี/,1,27,3.70%,10.11
https://imagetourl.cloud/ur/blog/how-to-convert-any-image-to-a-shareable-url-in-seconds-step-by-step,1,26,3.85%,68.42
https://www.imagetourl.cloud/en/use-cases/minecraft,1,25,4%,9.8
https://www.imagetourl.cloud/my/tools/video-to-url,1,25,4%,34.24
https://imagetourl.cloud/pl/generator-kodu-embed-obrazow/,1,25,4%,41.8
https://imagetourl.cloud/es/imagen-a-url-permanente/,1,24,4.17%,16.42
https://imagetourl.cloud/es/url-de-imagen-para-chatgpt/,1,23,4.35%,9.39
https://imagetourl.cloud/ar/تحويل-صورة-png-إلى-رابط/,1,22,4.55%,8.82
https://imagetourl.cloud/it/upload-immagini-anonimo/,1,21,4.76%,9.33
https://imagetourl.cloud/pl/alternatywa-dla-imgbb/,1,20,5%,12.7
https://imagetourl.cloud/imagetourl-vs-imgbb/,1,20,5%,30.9
https://imagetourl.cloud/guides/image-optimization-core-web-vitals/,1,19,5.26%,14.74
https://imagetourl.cloud/id/generator-url-gambar-gratis/,1,19,5.26%,56.58
https://imagetourl.cloud/en/image-hosting-for-newsletters/,1,18,5.56%,10.22
https://imagetourl.cloud/es/convertir-captura-a-url/,1,17,5.88%,9.71
https://imagetourl.cloud/pl/blog/jak-przekonwertowac-obraz-na-url,1,17,5.88%,13.41
https://imagetourl.cloud/ko/다이렉트-이미지-link/,1,16,6.25%,31.75
https://imagetourl.cloud/th/blog/image-url-คืออะไร-คู่มือสำหรับมือใหม่,1,15,6.67%,5.73
https://imagetourl.cloud/vi/chuyen-doi-jpg-thanh-url/,1,15,6.67%,8.2
https://imagetourl.cloud/pt-BR/compartilhar-imagens-whatsapp-link/,1,15,6.67%,8.6
https://imagetourl.cloud/ja/cloudinary-の-代替/,1,14,7.14%,15
https://imagetourl.cloud/ja/heic-を-png-に変換/,1,14,7.14%,20.29
https://imagetourl.cloud/id/ubah-gambar-ke-url-permanen/,1,13,7.69%,8.69
https://imagetourl.cloud/th/ทางเลือก-imgbb-ที่ดีกว่า/,1,13,7.69%,10
https://imagetourl.cloud/ja/コンテンツ-ガイドライン/,1,13,7.69%,26.08
https://imagetourl.cloud/ai-image-hosting,1,12,8.33%,5.25
https://imagetourl.cloud/bn/blog,1,12,8.33%,11.5
https://www.imagetourl.cloud/tr/tools/video-to-url,1,12,8.33%,16
https://imagetourl.cloud/fa/تبدیل-عکس-jpg-به-لینک/,1,11,9.09%,19.55
https://imagetourl.cloud/ko/gif를-url로-변환/,1,10,10%,6.2
https://imagetourl.cloud/ko/구글-스프레드시트-이미지-url/,1,10,10%,10.1
https://imagetourl.cloud/vi/chuyen-anh-thanh-url/,1,10,10%,40.7
https://imagetourl.cloud/image-hosting-for-instagram/,1,9,11.11%,3.89
https://imagetourl.cloud/de/bilder-auf-whatsapp-teilen/,1,9,11.11%,5.67
https://imagetourl.cloud/hi/whatsapp-पर-इमेज-लिंक-शेयर-करें/,1,9,11.11%,7.11
https://imagetourl.cloud/pt-BR/hospedagem-de-imagens-gratuita/,1,9,11.11%,13.33
https://imagetourl.cloud/bn/স্ক্রিনশট-থেকে-ইউআরএল/,1,8,12.50%,5
https://imagetourl.cloud/it/converti-webp-in-url/,1,8,12.50%,6.38
https://imagetourl.cloud/screenshot-to-url,1,8,12.50%,13.25
https://imagetourl.cloud/th/อัปโหลด-รูปภาพ-จำนวนมาก/,1,7,14.29%,9
https://imagetourl.cloud/zh-Hant/圖片-embed-代碼-生成器/,1,7,14.29%,12.14
https://imagetourl.cloud/ar/استضافة-صور-مجانية/,1,7,14.29%,19.71
https://imagetourl.cloud/it/gif-a-url/,1,7,14.29%,21.86
https://imagetourl.cloud/es/blog,1,7,14.29%,37.86
https://imagetourl.cloud/mr/blog/free-image-hosting-image-to-url,1,6,16.67%,3.17
https://imagetourl.cloud/fa/تبدیل-تصویر-به-لینک/,1,6,16.67%,5.83
https://imagetourl.cloud/tl/blog/ano-ang-image-url-gabay-para-sa-baguhan,1,6,16.67%,5.83
https://imagetourl.cloud/bn/blog/ইমেজ-url-কী-নতুনদের-জন্য-গাইড,1,6,16.67%,6
https://imagetourl.cloud/ar/تحويل-لقطة-الشاشة-إلى-رابط/,1,6,16.67%,6.67
https://imagetourl.cloud/fr/hebergement-image-anonyme/,1,6,16.67%,8.17
https://imagetourl.cloud/zh,1,6,16.67%,17.83
https://imagetourl.cloud/tr/webp-dosyasini-url-yap/,1,5,20%,4.4
https://imagetourl.cloud/hi/jpg-को-url-में-बदलें/,1,5,20%,7
https://imagetourl.cloud/zh-Hans/webp-zhuan-url/,1,5,20%,14.4
https://imagetourl.cloud/id/hosting-gambar-gratis/,1,5,20%,18.6
https://imagetourl.cloud/ru/blog,1,5,20%,32.6
https://imagetourl.cloud/es/convertir-webp-a-url/,1,5,20%,35.8
https://imagetourl.cloud/it/url-immagini-per-chatgpt/,1,4,25%,4.5
https://imagetourl.cloud/ar/مولد-رابط-الصورة-مجانا/,1,4,25%,7
https://imagetourl.cloud/ja/画像-url-永続化,1,4,25%,8
https://imagetourl.cloud/ru/khosting-izobrazheniy-dlya-rassylok/,1,4,25%,8
https://imagetourl.cloud/ja/画像-埋め込み-コード-生成/,1,4,25%,14.5
https://imagetourl.cloud/ms/tukar-png-kepada-url/,1,3,33.33%,2
https://www.imagetourl.cloud/deols/image-to-url,1,3,33.33%,3.33
https://imagetourl.cloud/bn/ছবি-থেকে-ইউআরএল-জেনারেটর/,1,3,33.33%,6.67
https://imagetourl.cloud/pt-BR/hospedagem-imagens-assinatura-email/,1,3,33.33%,7.33
https://imagetourl.cloud/vi/url-anh-cho-google-forms/,1,3,33.33%,8.33
https://imagetourl.cloud/pt-BR/gif-para-url/,1,3,33.33%,9.33
https://imagetourl.cloud/vi/chuyen-doi-webp-sang-url/,1,3,33.33%,14.67
https://imagetourl.cloud/fa/تبدیل-heic-به-jpg/,1,3,33.33%,84.67
https://imagetourl.cloud/sw/blog/jinsi-ya-kubadilisha-picha-kuwa-url,1,2,50%,2.5
https://imagetourl.cloud/fa/تبدیل-اسکرین-شات-به-لینک/,1,2,50%,6
https://imagetourl.cloud/id/generator-kode-embed-gambar/,1,2,50%,7
https://imagetourl.cloud/en/image-hosting-for-discord,1,2,50%,8.5
https://imagetourl.cloud/zh-Hant/features,1,2,50%,10
https://imagetourl.cloud/hi/webp-को-url-में-बदलें/,1,1,100%,3
https://imagetourl.cloud/pt-BR/upload-imagens-lote/,1,1,100%,4
https://imagetourl.cloud/ar/blog/direct-image-links-vs-regular-links-whats-the-difference-and-when-to-use-each,1,1,100%,5
https://www.imagetourl.cloud/hi/jpg-को-url-में-बदलें/,1,1,100%,7
https://www.imagetourl.cloud/hi/ai-इमेज-होस्टिंग/,1,1,100%,11
https://imagetourl.cloud/how-to-embed-image-in-email/,0,390,0%,83.48
https://imagetourl.cloud/es/blog/que-es-una-url-de-imagen,0,293,0%,15.4
https://imagetourl.cloud/how-to-get-direct-url-for-image/,0,246,0%,70.57
https://imagetourl.cloud/en/image-hosting-for-ebay/,0,232,0%,51.74
https://imagetourl.cloud/google-photos-direct-link/,0,212,0%,18.95
https://imagetourl.cloud/fa/blog/free-image-hosting-image-to-url,0,209,0%,67.87
https://imagetourl.cloud/ja/heic-を-pdf-に変換/,0,208,0%,41.63
https://imagetourl.cloud/fr/blog/top-10-free-image-hosting-options,0,202,0%,38.16
https://imagetourl.cloud/de/png-in-jpg-umwandeln/,0,152,0%,87.78
https://www.imagetourl.cloud/pt/tools/convert-image-to-link,0,149,0%,63.85
https://www.imagetourl.cloud/te/tools/create-image-url,0,145,0%,85.43
https://imagetourl.cloud/image-upload-api/,0,136,0%,75.54
https://imagetourl.cloud/de/webp-in-jpg-umwandeln/,0,124,0%,84.42
https://imagetourl.cloud/de/png-in-pdf-umwandeln/,0,124,0%,90.27
https://imagetourl.cloud/what-is-image-hotlinking/,0,123,0%,78.19
https://imagetourl.cloud/ru/blog/best-practices-for-sharing-images-online-without-losing-quality,0,121,0%,21.11
https://imagetourl.cloud/mr/,0,110,0%,9.61
https://www.imagetourl.cloud/hi/tools/photo-link-creator,0,106,0%,69.25
https://imagetourl.cloud/en/blog/best-practices-for-sharing-images-online-without-losing-quality,0,100,0%,50.25
https://imagetourl.cloud/image-hosting-for-reddit/,0,96,0%,22.54
https://imagetourl.cloud/en/cloudinary-alternative/,0,94,0%,36.83
https://imagetourl.cloud/ja/無料-画像-cdn/,0,93,0%,44.49
https://imagetourl.cloud/ja/features,0,86,0%,63.65
https://imagetourl.cloud/pl/darmowy-hosting-zdjec-na-fora/,0,84,0%,42.3
https://imagetourl.cloud/ja/webp-を-jpg-に変換/,0,83,0%,43.43
https://imagetourl.cloud/it/blog/convertire-immagine-in-url-condivisibile,0,80,0%,11.57
https://imagetourl.cloud/de/blog/create-a-link-for-an-image,0,77,0%,79.48
https://imagetourl.cloud/en/png-to-pdf/,0,76,0%,88.49
https://imagetourl.cloud/image-hosting-api-python/,0,75,0%,44.03
https://imagetourl.cloud/en/base64-to-image/,0,72,0%,61.21
https://imagetourl.cloud/de/heic-in-pdf-umwandeln/,0,66,0%,72.85
https://imagetourl.cloud/bn/,0,64,0%,10.23
https://imagetourl.cloud/en/ai-image-hosting/,0,63,0%,12.76
https://imagetourl.cloud/fa/,0,62,0%,5.05
https://www.imagetourl.cloud/ko/blog/best-practices-for-sharing-images-online-without-losing-quality,0,57,0%,23.07
https://imagetourl.cloud/image-hosting-rest-api/,0,49,0%,73.84
https://imagetourl.cloud/ar/blog/تحويل-أي-صورة-إلى-رابط-مباشر,0,48,0%,11.08
https://imagetourl.cloud/de/bildhosting-fuer-foren/,0,48,0%,77.6
https://imagetourl.cloud/de/bilder-massen-upload/,0,48,0%,88.81
https://imagetourl.cloud/nl/blog/free-image-hosting-image-to-url,0,47,0%,62.15
https://imagetourl.cloud/guides/embed-images-in-notion/,0,46,0%,12.59
https://imagetourl.cloud/ru/besplatnyy-hosting-izobrazheniy-dlya-forumov/,0,46,0%,21.15
https://imagetourl.cloud/de/blog/was-ist-eine-bild-url-anleitung,0,46,0%,51.28
https://imagetourl.cloud/tr/ucretsiz-resim-yukleme/,0,45,0%,21.13
https://imagetourl.cloud/en/blog/add-a-url-to-an-image,0,45,0%,75.84
https://imagetourl.cloud/de/blog/free-image-hosting-image-to-url,0,44,0%,34.39
https://imagetourl.cloud/en/blog/create-a-link-for-an-image,0,44,0%,79.11
https://imagetourl.cloud/pt-BR/blog/free-image-hosting-image-to-url,0,43,0%,52.6
https://imagetourl.cloud/en/png-to-jpg/,0,43,0%,107.37
https://imagetourl.cloud/en/blog,0,42,0%,17.21
https://imagetourl.cloud/image-hosting-for-nextjs/,0,42,0%,28.74
https://imagetourl.cloud/fr/hebergement-images-shopify/,0,42,0%,33.98
https://imagetourl.cloud/de/jpg-in-png-umwandeln/,0,42,0%,85.02
https://imagetourl.cloud/ja/blog/直接画像リンク-通常リンク-違い,0,41,0%,10.29
https://imagetourl.cloud/ja/png-を-pdf-に変換/,0,40,0%,52.02
https://www.imagetourl.cloud/it/blog/reliable-image-hosting-for-static-websites,0,39,0%,16.85
https://imagetourl.cloud/nl/gratis-afbeeldingen-hosten/,0,39,0%,64.67
https://imagetourl.cloud/ru/blog/pryamye-ssylki-na-izobrazheniya-vs-obychnye-ssylki,0,38,0%,14.05
https://imagetourl.cloud/es/enlaces-directos-imagenes/,0,38,0%,43.37
https://www.imagetourl.cloud/es/convertir-png-a-pdf/,0,38,0%,83.89
https://imagetourl.cloud/fr/hebergement-images-github-readme/,0,37,0%,10.57
https://imagetourl.cloud/ko/blog/직접-이미지-링크-일반-링크-차이,0,37,0%,16.46
https://imagetourl.cloud/image-hosting-api-php/,0,36,0%,53.22
https://imagetourl.cloud/de/blog/bild-in-url-umwandeln-anleitung,0,35,0%,37.6
https://imagetourl.cloud/screenshot-to-url/,0,35,0%,60.66
https://imagetourl.cloud/ar/blog/free-image-hosting-image-to-url,0,34,0%,14.88
https://imagetourl.cloud/ru/blog/free-image-hosting-image-to-url,0,34,0%,56.97
https://imagetourl.cloud/guides/image-lcp-optimization/,0,34,0%,69.09
https://imagetourl.cloud/id/blog/image-url-คืออะไร-คู่มือสำหรับมือใหม่,0,33,0%,9.18
https://www.imagetourl.cloud/es/tools/image-link-generator,0,33,0%,12.45
https://imagetourl.cloud/en/image-hosting-for-github-readme/,0,33,0%,23.06
https://imagetourl.cloud/it/hosting-immagini-per-forum/,0,33,0%,23.24
https://imagetourl.cloud/ja/blog/画像url-初心者向け-完全ガイド#section,0,32,0%,6.06
https://imagetourl.cloud/ja/blog/画像url-初心者向け-完全ガイド#url,0,32,0%,6.06
https://imagetourl.cloud/ja/whatsapp-gazo-kyoyu/,0,32,0%,14.44
https://imagetourl.cloud/mr/blog/best-practices-for-sharing-images-online-without-losing-quality,0,31,0%,8.29
https://imagetourl.cloud/id/blog/apa-itu-image-url-panduan-pemula,0,31,0%,8.94
https://imagetourl.cloud/en/image-hosting-for-notion/,0,31,0%,9.71
https://imagetourl.cloud/th/blog/ลิงก์รูปภาพโดยตรง-vs-ลิงก์ทั่วไป,0,30,0%,7.93
https://imagetourl.cloud/en/image-hosting-for-google-sheets/,0,30,0%,9
https://imagetourl.cloud/en/docs/,0,30,0%,26.47
https://imagetourl.cloud/guides/what-exif-leaks/,0,30,0%,29.93
https://imagetourl.cloud/de/bildhosting-fuer-ebay/,0,29,0%,72
https://imagetourl.cloud/nl/gratis-afbeelding-url-generator/,0,29,0%,74.03
https://imagetourl.cloud/hi/,0,28,0%,10.61
https://imagetourl.cloud/imagetourl-vs-imgur/,0,27,0%,31.52
https://www.imagetourl.cloud/vi/blog/best-practices-image-to-url-cdn-delivery,0,26,0%,5.04
https://imagetourl.cloud/ms/,0,26,0%,6.38
https://imagetourl.cloud/nl/,0,25,0%,19.44
https://imagetourl.cloud/imagetourl-vs-cloudinary/,0,25,0%,24.52
https://imagetourl.cloud/fr/hebergement-image-lien-direct/,0,25,0%,33.56
https://imagetourl.cloud/en/heic-to-pdf/,0,25,0%,65.96
https://imagetourl.cloud/en/image-to-url-converter/,0,25,0%,77.92
https://imagetourl.cloud/vi/,0,24,0%,6.83
https://imagetourl.cloud/ta/,0,24,0%,7.04
https://www.imagetourl.cloud/uk/tools/png-to-url,0,24,0%,7.62
https://imagetourl.cloud/how-to-host-image-for-free/,0,24,0%,15.71
https://imagetourl.cloud/postimages-alternative/,0,24,0%,20.12
https://imagetourl.cloud/pl/bezposrednie-linki-do-zdjec/,0,24,0%,40.08
https://www.imagetourl.cloud/ru/pryamye-ssylki-na-izobrazheniya/,0,24,0%,54.25
https://imagetourl.cloud/vi/blog/url-anh-la-gi-huong-dan-toan-tap,0,23,0%,7.43
https://imagetourl.cloud/tr/blog/top-10-free-image-hosting-options,0,23,0%,8.87
https://imagetourl.cloud/ko/최고의-imgur-대안/,0,23,0%,10
https://imagetourl.cloud/zh-Hant/imgbb-最佳替代方案/,0,23,0%,15.17
https://imagetourl.cloud/fr/alternative-cloudinary/,0,23,0%,21.39
https://imagetourl.cloud/pl/darmowy-hosting-zdjec-ebay/,0,23,0%,39.65
https://imagetourl.cloud/zh-Hant/discord-圖片託管/,0,22,0%,12.91
https://imagetourl.cloud/it/blog/link-diretti-immagini-vs-link-regolari,0,22,0%,20.82
https://imagetourl.cloud/ja/base64-を-画像-に変換/,0,22,0%,41.86
https://imagetourl.cloud/image-hosting-api-curl/,0,22,0%,53.82
https://imagetourl.cloud/how-to-share-image-as-link/,0,22,0%,59.45
https://imagetourl.cloud/ja/notion-画像-永続化/,0,21,0%,8.05
https://imagetourl.cloud/vi/blog/cach-chuyen-doi-anh-thanh-url-chia-se,0,21,0%,9.29
https://imagetourl.cloud/zh-Hant/匿名-圖片-上傳/,0,21,0%,11.29
https://imagetourl.cloud/it/blog,0,21,0%,52
https://imagetourl.cloud/en/image-to-url/,0,21,0%,83.67
https://imagetourl.cloud/pl/konwersja-jpg-na-url/,0,20,0%,7.75
https://imagetourl.cloud/en/content-guidelines/,0,20,0%,11.1
https://imagetourl.cloud/pl/blog/co-to-jest-url-obrazka,0,20,0%,13.9
https://imagetourl.cloud/es/sobre-imagetourl/,0,20,0%,20.7
https://imagetourl.cloud/it/caricamento-immagini-multiplo/,0,20,0%,43.15
https://imagetourl.cloud/nl/foto-naar-url-omzetten/,0,20,0%,58.55
https://imagetourl.cloud/de/direkte-bild-links/,0,20,0%,61.75
https://imagetourl.cloud/de/webp-in-png-umwandeln/,0,20,0%,80.75
https://imagetourl.cloud/pt-BR/converter-png-para-url/,0,19,0%,9.63
https://imagetourl.cloud/ko/대량-이미지-업로드/,0,19,0%,9.89
https://imagetourl.cloud/es/blog/cos-e-un-url-immagine-guida-completa,0,19,0%,42.42
https://imagetourl.cloud/de/heic-in-png-umwandeln/,0,19,0%,85.26
https://imagetourl.cloud/fa/blog/url-تصویر-چیست-راهنمای-کامل,0,18,0%,7.28
https://imagetourl.cloud/es/generador-codigo-incrustar-imagenes/,0,18,0%,10.94
https://imagetourl.cloud/de/bildkomprimierer/,0,18,0%,41.22
https://imagetourl.cloud/en/blog/,0,18,0%,55.78
https://imagetourl.cloud/it/convertire-heic-in-jpg/,0,18,0%,60.67
https://imagetourl.cloud/it/converti-png-in-webp/,0,18,0%,75.83
https://imagetourl.cloud/de/heic-zu-jpg-konverter/,0,18,0%,76.56
https://imagetourl.cloud/fr/convertir-webp-en-jpg/,0,18,0%,76.83
https://imagetourl.cloud/zh-Hans/blog/什么是-图片-url-初学者-指南,0,17,0%,6.76
https://imagetourl.cloud/ms/blog/tukar-gambar-kepada-url-boleh-kongsi,0,17,0%,7.41
https://imagetourl.cloud/id/ubah-screenshot-jadi-url/,0,17,0%,8.12
https://www.imagetourl.cloud/es/alternativa-a-imgbb/,0,17,0%,8.18
https://imagetourl.cloud/sw/,0,17,0%,9.65
https://imagetourl.cloud/pl/blog/bezposrednie-linki-do-obrazow-kontra-zwykle-linki,0,17,0%,10.53
https://imagetourl.cloud/ja/docs/,0,17,0%,14.35
https://imagetourl.cloud/ko/무료-이미지-cdn/,0,17,0%,25.18
https://imagetourl.cloud/ar/روابط-صور-مباشرة/,0,17,0%,27.82
https://imagetourl.cloud/bn/blog/free-image-hosting-image-to-url,0,17,0%,30.35
https://imagetourl.cloud/image-hosting-for-framer/,0,17,0%,37.65
https://imagetourl.cloud/guides/jpg-vs-png-vs-webp-vs-avif/,0,17,0%,41.88
https://imagetourl.cloud/free-image-cdn,0,17,0%,43.41
https://imagetourl.cloud/fr/convertir-heic-en-png/,0,17,0%,44.88
https://imagetourl.cloud/pl/blog/how-to-embed-hosted-images,0,17,0%,57.06
https://imagetourl.cloud/es/alojamiento-imagenes-foros/,0,17,0%,59.29
https://imagetourl.cloud/image-hosting-api-nodejs/,0,17,0%,68.06
https://imagetourl.cloud/tr/,0,16,0%,5.25
https://imagetourl.cloud/id/url-gambar-untuk-chatgpt/,0,16,0%,8.31
https://imagetourl.cloud/pl/konwerter-heic-na-jpg/,0,16,0%,79.12
https://imagetourl.cloud/fr/convertir-png-en-jpg/,0,16,0%,81.69
https://www.imagetourl.cloud/vi/tools/picture-to-link,0,15,0%,12.67
https://imagetourl.cloud/fr/blog/how-to-embed-hosted-images,0,15,0%,14.47
https://imagetourl.cloud/ru/blog/kak-preobrazovat-izobrazhenie-v-ssylku,0,15,0%,14.6
https://imagetourl.cloud/ru/generator-koda-izobrazheniy/,0,15,0%,19.07
https://imagetourl.cloud/it/cdn-immagini-gratuito/,0,15,0%,32.67
https://imagetourl.cloud/pl/blog/top-10-free-image-hosting-options,0,15,0%,59.07
https://www.imagetourl.cloud/ru/konvertirovat-png-v-pdf/,0,15,0%,72.6
https://imagetourl.cloud/image-to-url-for-whatsapp,0,14,0%,6.43
https://imagetourl.cloud/pl/udostepnianie-zdjec-przez-link-whatsapp/,0,14,0%,7.43
https://imagetourl.cloud/pl/hosting-obrazow-github-readme/,0,14,0%,8.5
https://imagetourl.cloud/image-hosting-for-stack-overflow/,0,14,0%,12.43
https://imagetourl.cloud/fr/hebergement-images-gratuit/,0,14,0%,20.36
https://imagetourl.cloud/zh-Hans/,0,14,0%,22.79
https://imagetourl.cloud/image-upload-n8n/,0,14,0%,25.07
https://imagetourl.cloud/de/cloudinary-alternative/,0,14,0%,51.93
https://imagetourl.cloud/de/screenshot-in-url-umwandeln/,0,14,0%,59.36
https://imagetourl.cloud/ko/이미지-url-생성기/,0,14,0%,64.93
https://imagetourl.cloud/fr/convertir-jpg-en-png/,0,14,0%,70.5
https://imagetourl.cloud/de/bild-embed-code-generator/,0,14,0%,83.36
https://imagetourl.cloud/zh-Hant/關於-imagetourl/,0,13,0%,7
https://www.imagetourl.cloud/sw/tools/qr-to-url,0,13,0%,8.08
https://imagetourl.cloud/ko/스크린샷-url-변환/,0,13,0%,9.38
https://imagetourl.cloud/de/blog/direkte-bildlinks-vs-normale-links,0,13,0%,11.62
https://imagetourl.cloud/pl/blog/Image-URL-for-WhatsApp-and-Telegram-iexhbi,0,13,0%,11.77
https://imagetourl.cloud/ru/alternativa-cloudinary/,0,13,0%,15.38
https://imagetourl.cloud/image-hosting-for-wix/,0,13,0%,15.77
https://imagetourl.cloud/it/link-diretti-immagini/,0,13,0%,33.85
https://imagetourl.cloud/image-hosting-for-squarespace/,0,13,0%,35.92
https://imagetourl.cloud/de/kostenloses-image-hosting/,0,13,0%,85.31
https://imagetourl.cloud/id/ubah-gambar-ke-url-html/,0,12,0%,8.17
https://imagetourl.cloud/fr/hebergement-images-signature-email/,0,12,0%,8.42
https://imagetourl.cloud/guides/responsive-images-cheatsheet,0,12,0%,9.5
https://www.imagetourl.cloud/ja/png-画像-url-変換,0,12,0%,9.83
https://imagetourl.cloud/image-hosting-for-substack/,0,12,0%,20.83
https://imagetourl.cloud/en/image-to-base64/,0,12,0%,21
https://imagetourl.cloud/ko/cloudinary-대체/,0,12,0%,26.83
https://imagetourl.cloud/es/convertir-heic-a-pdf/,0,12,0%,58.75
https://imagetourl.cloud/ta/blog/top-10-free-image-hosting-options,0,11,0%,6.73
https://imagetourl.cloud/fr/urls-images-google-sheets/,0,11,0%,7.27
https://imagetourl.cloud/zh-Hant/大量-圖片-上傳/,0,11,0%,8.45
https://www.imagetourl.cloud/tr/blog/free-image-hosting-image-to-url,0,11,0%,9.64
https://imagetourl.cloud/pl/hosting-zdjec-dla-discord/,0,11,0%,9.73
https://www.imagetourl.cloud/te/tools/photo-link-creator,0,11,0%,9.73
https://imagetourl.cloud/mr/blog/image-to-URL-tool-for-bloggers,0,11,0%,9.91
https://imagetourl.cloud/ar/blog/best-practices-for-sharing-images-online-without-losing-quality,0,11,0%,13.82
https://imagetourl.cloud/fr/hebergement-images-ebay/,0,11,0%,14.91
https://imagetourl.cloud/image-upload-make/,0,11,0%,15.73
https://imagetourl.cloud/id/cdn-gambar-gratis/,0,11,0%,28.45
https://imagetourl.cloud/ru/skrinshot-v-ssylku,0,11,0%,29.09
https://imagetourl.cloud/ja/掲示板用-画像-hosting/,0,11,0%,29.73
https://imagetourl.cloud/ja/heic-を-jpg-に変換/,0,11,0%,36.91
https://imagetourl.cloud/de/imgbb-alternative-kostenlos/,0,11,0%,40.45
https://imagetourl.cloud/pt-BR/blog/top-10-free-image-hosting-options,0,11,0%,43.18
https://imagetourl.cloud/pl/blog/free-image-hosting-image-to-url,0,11,0%,52.73
https://imagetourl.cloud/de/blog/how-to-embed-hosted-images,0,11,0%,61.91
https://imagetourl.cloud/de/blog/top-10-free-image-hosting-options,0,11,0%,69.55
https://imagetourl.cloud/ar/blog/ما-هو-رابط-الصورة-دليل-شامل,0,10,0%,6.1
https://imagetourl.cloud/ru/ssylki-na-izobrazheniya-dlya-whatsapp/,0,10,0%,7.2
https://imagetourl.cloud/ms/tukar-gambar-jpg-kepada-url/,0,10,0%,7.8
https://imagetourl.cloud/hi/chatgpt-के-लिए-image-url-प्राप्त-करें/,0,10,0%,8.2
https://imagetourl.cloud/image-hosting-for-medium/,0,10,0%,9.2
https://imagetourl.cloud/en/image-hosting-for-shopify/,0,10,0%,11.3
https://imagetourl.cloud/fa/blog/تفاوت-لینک-مستقیم-و-معمولی-تصویر,0,10,0%,13.9
https://imagetourl.cloud/en/contact/,0,10,0%,14.2
https://imagetourl.cloud/ko/blog/how-to-use-image-urls-in-html-css-and-markdown,0,10,0%,16.4
https://imagetourl.cloud/fr/features,0,10,0%,18.5
https://imagetourl.cloud/zh-Hans/blog/how-to-use-image-urls-in-html-css-and-markdown,0,10,0%,19
https://imagetourl.cloud/en/favicon-generator/,0,10,0%,26.5
https://imagetourl.cloud/en/image-to-url-for-html/,0,10,0%,28.5
https://imagetourl.cloud/fr/a-propos-imagetourl/,0,10,0%,36.7
https://imagetourl.cloud/ko/blog/top-10-free-image-hosting-options,0,10,0%,39
https://imagetourl.cloud/fa/blog/top-10-free-image-hosting-options,0,10,0%,42.7
https://imagetourl.cloud/en/jpg-to-png/,0,10,0%,63.8
https://imagetourl.cloud/de/blog,0,10,0%,65.9
https://imagetourl.cloud/es/convertir-webp-a-png/,0,10,0%,71.1
https://www.imagetourl.cloud/es/blog/how-to-convert-any-image-to-a-shareable-url-in-seconds-step-by-step-o6rf1r,0,10,0%,76.4
https://imagetourl.cloud/es/convertir-jpg-a-png/,0,10,0%,80
https://imagetourl.cloud/it/alternativa-a-cloudinary/,0,9,0%,5.44
https://www.imagetourl.cloud/en/pricing,0,9,0%,6.78
https://imagetourl.cloud/ar/افضل-بديل-لـ-imgur/,0,9,0%,7.11
https://imagetourl.cloud/th/ลิงก์-รูปภาพ-โดยตรง/,0,9,0%,7.89
https://imagetourl.cloud/th/แปลง-ภาพหน้าจอ-เป็น-ลิงก์,0,9,0%,8.11
https://imagetourl.cloud/es/blog/enlaces-directos-vs-regulares-imagenes,0,9,0%,8.33
https://imagetourl.cloud/pt-BR/hospedagem-imagens-ia/,0,9,0%,9.56
https://imagetourl.cloud/ru/besplatnyy-cdn-dlya-izobrazheniy/,0,9,0%,13.78
https://imagetourl.cloud/ko/이메일-서명-이미지-호스팅/,0,9,0%,18.33
https://imagetourl.cloud/pt-BR/blog/इमेजला-शेअर-करण्यायोग्य-url-मध्ये-रूपांतरित-करा,0,9,0%,23.22
https://imagetourl.cloud/tr/blog/resim-url-nedir-rehber,0,9,0%,26.78
https://imagetourl.cloud/en/image-resizer/,0,9,0%,35.44
https://imagetourl.cloud/pl/darmowy-cdn-obrazow/,0,9,0%,46.67
https://imagetourl.cloud/ja/favicon-生成-ツール/,0,9,0%,46.78
https://imagetourl.cloud/it/blog/top-10-free-image-hosting-options,0,9,0%,48.89
https://imagetourl.cloud/en/image-compressor/,0,9,0%,49.22
https://imagetourl.cloud/image-hosting-for-twitter/,0,9,0%,51.78
https://imagetourl.cloud/de/foto-in-url-umwandeln/,0,9,0%,68.89
https://imagetourl.cloud/vi/chuyen-doi-heic-sang-jpg/,0,9,0%,73.22
https://imagetourl.cloud/en/webp-to-png/,0,9,0%,89
https://imagetourl.cloud/ru/features,0,8,0%,8.62
https://imagetourl.cloud/ko/blog/free-image-hosting-image-to-url,0,8,0%,11.12
https://imagetourl.cloud/fr/blog,0,8,0%,11.75
https://imagetourl.cloud/te/blog/top-10-free-image-hosting-options,0,8,0%,15.38
https://imagetourl.cloud/pl/gif-na-url/,0,8,0%,16.88
https://imagetourl.cloud/pl/blog/how-to-convert-any-image-to-a-shareable-url-in-seconds-step-by-step-o6rf1r,0,8,0%,19
https://imagetourl.cloud/ja/google-forms-gazou-url/,0,8,0%,22.12
https://www.imagetourl.cloud/ru/tools/jpg-to-url,0,8,0%,22.75
https://imagetourl.cloud/pl/blog,0,8,0%,22.88
https://www.imagetourl.cloud/te/blog/how-to-embed-hosted-images,0,8,0%,24.75
https://imagetourl.cloud/es/features,0,8,0%,26.75
https://imagetourl.cloud/de/gif-zu-url-konvertieren/,0,8,0%,33.12
https://www.imagetourl.cloud/ar/blog/best-practices-for-sharing-images-online-without-losing-quality,0,8,0%,37.75
https://imagetourl.cloud/tr/features,0,8,0%,43.5
https://imagetourl.cloud/tr/blog,0,8,0%,47.5
https://www.imagetourl.cloud/es/convertir-jpg-a-pdf/,0,8,0%,70.75
https://imagetourl.cloud/es/convertir-jpg-a-webp/,0,8,0%,86.12
https://imagetourl.cloud/zh/,0,7,0%,3.14
https://imagetourl.cloud/id/blog/direct-image-links-vs-regular-links-whats-the-difference-and-when-to-use-each,0,7,0%,5.86
https://imagetourl.cloud/it/immagine-a-url-permanente/,0,7,0%,6.57
https://imagetourl.cloud/hi/tools/photo-link-creator,0,7,0%,7.14
https://imagetourl.cloud/bn/ছবি-থেকে-ইউআরএল/,0,7,0%,7.86
https://imagetourl.cloud/ko/whatsapp-이미지-링크-공유/,0,7,0%,8.57
https://www.imagetourl.cloud/en/blog/bulk-upload-images-guide,0,7,0%,8.71
https://imagetourl.cloud/es/alternativa-a-cloudinary/,0,7,0%,11.14
https://imagetourl.cloud/en/image-hosting-for-wordpress/,0,7,0%,12.57
https://imagetourl.cloud/ja/shopify-画像ホスティング/,0,7,0%,13.43
https://imagetourl.cloud/ja/imgbb-no-daitai-service/,0,7,0%,13.57
https://imagetourl.cloud/tr/fotografi-url-ye-donustur/,0,7,0%,14
https://imagetourl.cloud/bn/blog/Image-URL-for-WhatsApp-and-Telegram-iexhbi,0,7,0%,14.57
https://www.imagetourl.cloud/fr/blog/,0,7,0%,36.29
https://imagetourl.cloud/es/imagen-a-base64/,0,7,0%,38.71
https://imagetourl.cloud/vi/blog/top-10-free-image-hosting-options,0,7,0%,40.86
https://imagetourl.cloud/pl/darmowy-hosting-zdjec-shopify/,0,7,0%,44.71
https://imagetourl.cloud/ja/png-を-webp-に変換/,0,7,0%,56.57
https://imagetourl.cloud/de/favicon-generator/,0,7,0%,63.43
https://imagetourl.cloud/nl/blog/wat-is-een-afbeeldings-url,0,7,0%,64.57
https://imagetourl.cloud/ja/ebay-出品用-画像ホスティング/,0,6,0%,7.33
https://imagetourl.cloud/tl/blog/Image-URL-for-WhatsApp-and-Telegram-iexhbi,0,6,0%,7.5
https://imagetourl.cloud/ms/tukar-gambar-kepada-url/,0,6,0%,7.83
https://imagetourl.cloud/it/hosting-immagini-discord/,0,6,0%,8.17
https://imagetourl.cloud/ja/画像-を-base64-に変換/,0,6,0%,8.33
https://imagetourl.cloud/ja/blog/cos-e-un-url-immagine-guida-completa,0,6,0%,8.5
https://imagetourl.cloud/zh-Hans/blog/直接图片链接-常规链接-区别,0,6,0%,8.5
https://www.imagetourl.cloud/vi/chuyen-doi-png-thanh-url,0,6,0%,8.5
https://imagetourl.cloud/bn/tools/gif-to-url,0,6,0%,8.67
https://imagetourl.cloud/image-hosting-for-markdown/,0,6,0%,8.67
https://imagetourl.cloud/id/alternatif-imgur-terbaik/,0,6,0%,9
https://imagetourl.cloud/tl/blog/top-10-free-image-hosting-options,0,6,0%,9
https://imagetourl.cloud/de/blog/best-practices-for-sharing-images-online-without-losing-quality,0,6,0%,9.33
https://imagetourl.cloud/th/เครื่องมือ-สร้าง-โค้ด-ฝังรูปภาพ/,0,6,0%,9.5
https://imagetourl.cloud/zh-Hans/图片-嵌入-代码-生成器/,0,6,0%,10.83
https://www.imagetourl.cloud/es/blog/Image-URL-for-WhatsApp-and-Telegram-iexhbi,0,6,0%,11.5
https://imagetourl.cloud/de/privacy/,0,6,0%,12.5
https://imagetourl.cloud/ja/お問い合わせ-imagetourl/,0,6,0%,14.83
https://imagetourl.cloud/image-upload-zapier/,0,6,0%,15.67
https://imagetourl.cloud/image-hosting-rest-api,0,6,0%,20
https://imagetourl.cloud/de/blog/image-url-అంటే-ఏమిటి-బిగినర్స్-గైడ్,0,6,0%,24.33
https://imagetourl.cloud/pl/hosting-grafik-ai/,0,6,0%,27.67
https://imagetourl.cloud/tr/imagetourl-iletisim/,0,6,0%,34.5
https://imagetourl.cloud/es/blog/top-10-free-image-hosting-options,0,6,0%,35.5
https://imagetourl.cloud/image-hosting-for-jira/,0,6,0%,37.67
https://imagetourl.cloud/de/ueber-imagetourl/,0,6,0%,41
https://imagetourl.cloud/en/image-embed-code-generator,0,6,0%,47.5
https://imagetourl.cloud/fa/تغییر-اندازه-تصویر/,0,6,0%,59.5
https://imagetourl.cloud/zh-Hans/features,0,6,0%,60.17
https://imagetourl.cloud/es/alojamiento-imagenes-ia/,0,6,0%,67.67
https://imagetourl.cloud/zh-Hans/内容-准则/,0,6,0%,69.67
https://imagetourl.cloud/de/ki-bilder-hosten/,0,6,0%,79
https://imagetourl.cloud/nl/gratis-image-hosting-ebay/,0,6,0%,80.67
https://imagetourl.cloud/es/convertir-heic-a-jpg/,0,6,0%,83.5
https://imagetourl.cloud/de/png-in-webp-umwandeln/,0,6,0%,87
https://imagetourl.cloud/fr/docs/,0,6,0%,88.17
https://www.imagetourl.cloud/ja,0,5,0%,3.6
https://imagetourl.cloud/sw/blog/Image-URL-for-WhatsApp-and-Telegram-iexhbi,0,5,0%,5.2
https://imagetourl.cloud/ms/kongsi-gambar-whatsapp-url/,0,5,0%,5.6
https://imagetourl.cloud/en/blog/image-to-URL-tool-for-bloggers,0,5,0%,5.8
https://www.imagetourl.cloud/id/use-cases/roblox,0,5,0%,6
https://imagetourl.cloud/th/ทางเลือก-imgur-ที่ดีที่สุด/,0,5,0%,6.2
https://www.imagetourl.cloud/ru/o-servise-imagetourl/,0,5,0%,6.4
https://imagetourl.cloud/de/tools/bulk-upload,0,5,0%,6.8
https://imagetourl.cloud/vi/chuyen-anh-chup-man-hinh-thanh-url/,0,5,0%,6.8
https://imagetourl.cloud/ar/روابط-صور-لنماذج-جوجل/,0,5,0%,7
https://imagetourl.cloud/image-url-for-chatgpt,0,5,0%,7.4
https://imagetourl.cloud/id/blog/tautan-gambar-langsung-vs-biasa,0,5,0%,7.6
https://imagetourl.cloud/ja/メール署名-画像ホスティング/,0,5,0%,7.8
https://imagetourl.cloud/id/unggah-gambar-massal/,0,5,0%,8.2
https://imagetourl.cloud/es/imagen-a-url-vercel/,0,5,0%,8.6
https://imagetourl.cloud/pl/alternatywa-dla-cloudinary/,0,5,0%,8.8
https://imagetourl.cloud/fr/hebergement-images-ia/,0,5,0%,9
https://imagetourl.cloud/es/compartir-imagenes-whatsapp-url/,0,5,0%,9.4
https://imagetourl.cloud/zh-Hant/blog/cara-mengubah-gambar-menjadi-url,0,5,0%,9.4
https://imagetourl.cloud/pt-BR/urls-de-imagem-google-sheets/,0,5,0%,10
https://imagetourl.cloud/zh-Hant/永久圖片轉網址/,0,5,0%,10
https://imagetourl.cloud/zh-Hant/blog/圖片-轉換-可分享-url-教學#section-2,0,5,0%,10.2
https://imagetourl.cloud/zh-Hant/blog/圖片-轉換-可分享-url-教學#section-5,0,5,0%,10.2
https://imagetourl.cloud/ja/discord-用-画像-ホスティング/,0,5,0%,11.2
https://imagetourl.cloud/pt-BR/gerador-codigo-incorporacao-imagem/,0,5,0%,11.4
https://imagetourl.cloud/zh-Hant/notion-圖片-永久連結/,0,5,0%,11.8
https://imagetourl.cloud/hi/blog/image-url-क्या-है-संपूर्ण-गाइड,0,5,0%,13
https://www.imagetourl.cloud/or/use-cases/javascript,0,5,0%,14
https://imagetourl.cloud/pt-BR/gerador-de-url-de-imagem/,0,5,0%,14.4
https://imagetourl.cloud/de/terms/,0,5,0%,17.4
https://imagetourl.cloud/image-to-url-for-whatsapp/,0,5,0%,17.6
https://imagetourl.cloud/ko/google-forms-이미지-url-추가/,0,5,0%,19.4
https://imagetourl.cloud/fr/alternative-imgbb-gratuite/,0,5,0%,24.4
https://imagetourl.cloud/pl/masowe-przesylanie-zdjec/,0,5,0%,26.4
https://www.imagetourl.cloud/zh/,0,5,0%,26.6
https://imagetourl.cloud/tl/,0,5,0%,30
https://imagetourl.cloud/zh-Hans/blog,0,5,0%,30.4
https://imagetourl.cloud/sw/features,0,5,0%,32.4
https://imagetourl.cloud/image-hosting-for-webflow/,0,5,0%,39.2
https://imagetourl.cloud/es/directrices-de-contenido/,0,5,0%,47.6
https://imagetourl.cloud/ja/blog/free-image-hosting-image-to-url,0,5,0%,47.6
https://imagetourl.cloud/nl/directe-afbeeldingslink-hosting/,0,5,0%,48.4
https://imagetourl.cloud/it/generatore-favicon/,0,5,0%,50.6
https://imagetourl.cloud/zh-Hans/docs/,0,5,0%,51
https://imagetourl.cloud/es/redimensionar-imagen/,0,5,0%,53.4
https://imagetourl.cloud/nl/gratis-afbeelding-hosting-forum/,0,5,0%,61.4
https://imagetourl.cloud/es/carga-masiva-imagenes/,0,5,0%,64.6
https://imagetourl.cloud/pl/konwertuj-jpg-na-png/,0,5,0%,65.6
https://imagetourl.cloud/ko/jpg-pdf-변환/,0,5,0%,68
https://imagetourl.cloud/tl/blog/free-image-hosting-image-to-url,0,5,0%,72
https://imagetourl.cloud/en/heic-to-png/,0,5,0%,73.6
https://imagetourl.cloud/en/jpg-to-pdf/,0,5,0%,75.6
https://imagetourl.cloud/en/jpg-to-webp/,0,5,0%,79
https://imagetourl.cloud/id/blog/how-to-convert-any-image-to-a-shareable-url-in-seconds-step-by-step-o6rf1r,0,5,0%,89.6
https://imagetourl.cloud/nl/heic-naar-jpg-converteren-converteren/,0,5,0%,96.2
https://www.imagetourl.cloud/fr,0,4,0%,3.25
https://www.imagetourl.cloud/hi/webp-को-jpg-में-बदलें/,0,4,0%,3.25
https://imagetourl.cloud/bn/blog/top-10-free-image-hosting-options,0,4,0%,3.75
https://imagetourl.cloud/es/blog/how-to-embed-hosted-images,0,4,0%,4
https://www.imagetourl.cloud/en/about/,0,4,0%,4.75
https://www.imagetourl.cloud/ur,0,4,0%,4.75
https://imagetourl.cloud/image-hosting-for-linkedin/,0,4,0%,5.25
https://imagetourl.cloud/fa/اشتراک-تصویر-در-واتس-اپ/,0,4,0%,5.75
https://imagetourl.cloud/nl/png-naar-url-converteren/,0,4,0%,6
https://imagetourl.cloud/id/ubah-webp-ke-url,0,4,0%,6.5
https://imagetourl.cloud/ko/이미지-임베드-코드-생성기/,0,4,0%,6.75
https://imagetourl.cloud/pl/blog/,0,4,0%,6.75
https://imagetourl.cloud/ms/blog/apakah-itu-url-gambar-panduan-lengkap,0,4,0%,7
https://imagetourl.cloud/pl/webp-na-url-konwerter/,0,4,0%,7.25
https://imagetourl.cloud/ru/besplatnyy-khosting-izobrazheniy-shopify/,0,4,0%,7.25
https://imagetourl.cloud/te/,0,4,0%,7.5
https://imagetourl.cloud/es/alternativa-a-imgbb/,0,4,0%,8
https://imagetourl.cloud/ko/tools/bulk-upload,0,4,0%,8
https://imagetourl.cloud/sw/blog/top-10-free-image-hosting-options,0,4,0%,8
https://imagetourl.cloud/pl/obraz-na-url-na-zawsze/,0,4,0%,8.5
https://imagetourl.cloud/vi/luu-tru-anh-ebay/,0,4,0%,8.75
https://www.imagetourl.cloud/en/cloudinary-alternative,0,4,0%,9
https://www.imagetourl.cloud/ja/png-画像-url-変換/,0,4,0%,9.25
https://www.imagetourl.cloud/ru/hosting-ai-izobrazheniy/,0,4,0%,9.25
https://imagetourl.cloud/it/blog/apakah-itu-url-gambar-panduan-lengkap,0,4,0%,10
https://imagetourl.cloud/fr/blog/画像url-初心者向け-完全ガイド,0,4,0%,11
https://imagetourl.cloud/de/docs/,0,4,0%,12.5
https://imagetourl.cloud/en/image-hosting-for-google-forms/,0,4,0%,12.5
https://imagetourl.cloud/ko/docs/,0,4,0%,13.25
https://imagetourl.cloud/sw/docs/,0,4,0%,15
https://www.imagetourl.cloud/privacy,0,4,0%,16
https://imagetourl.cloud/ja/webp-を-png-に変換/,0,4,0%,18.75
https://imagetourl.cloud/zh-Hant/圖片-embed-代碼-生成器,0,4,0%,18.75
https://imagetourl.cloud/ru/privacy/,0,4,0%,22.75
https://imagetourl.cloud/image-hosting-for-markdown,0,4,0%,23.25
https://imagetourl.cloud/zh-Hant/imgur-最佳替代方案/,0,4,0%,23.25
https://imagetourl.cloud/de/bildhosting-fuer-newsletter/,0,4,0%,23.5
https://imagetourl.cloud/ur/blog/how-to-use-image-urls-in-html-css-and-markdown,0,4,0%,25.75
https://www.imagetourl.cloud/ru/ssylki-na-izobrazheniya-dlya-whatsapp/,0,4,0%,28.25
https://www.imagetourl.cloud/ru/foto-v-ssylku/,0,4,0%,31
https://imagetourl.cloud/ja/blog/top-10-free-image-hosting-options,0,4,0%,31.25
https://imagetourl.cloud/ko/이미지를-html-url로-변환/,0,4,0%,32
https://imagetourl.cloud/it/contatta-imagetourl/,0,4,0%,37.5
https://imagetourl.cloud/link-to-us,0,4,0%,43.75
https://imagetourl.cloud/sw/blog/what-is-an-image-url-a-complete-beginners-guide,0,4,0%,45
https://imagetourl.cloud/ru/konvertirovat-webp-v-png/,0,4,0%,48.25
https://imagetourl.cloud/es/imagen-a-url-html/,0,4,0%,51
https://imagetourl.cloud/es/convertir-png-a-webp/,0,4,0%,58.25
https://imagetourl.cloud/de/jpg-in-pdf-umwandeln/,0,4,0%,58.75
https://imagetourl.cloud/es/convertir-imagen-a-url/,0,4,0%,69.5
https://imagetourl.cloud/ko/heic-jpg-변환기/,0,4,0%,89.75
https://imagetourl.cloud/ur/blog/top-10-free-image-hosting-options,0,3,0%,2.67
https://www.imagetourl.cloud/en/blog,0,3,0%,3.33
https://imagetourl.cloud/ur/blog/Image-URL-for-WhatsApp-and-Telegram-iexhbi,0,3,0%,4
https://imagetourl.cloud/ja/terms/,0,3,0%,4.33
https://imagetourl.cloud/bn/jpg-ছবি-url-লিঙ্কে-রূপান্তর/,0,3,0%,4.67
https://imagetourl.cloud/id/ubah-webp-ke-url/,0,3,0%,4.67
https://www.imagetourl.cloud/pt,0,3,0%,5
https://imagetourl.cloud/th/โฮสต์-รูปภาพ-ai/,0,3,0%,5.67
https://imagetourl.cloud/tr/jpg-resmini-url-linke-cevir/,0,3,0%,6
https://www.imagetourl.cloud/ar/use-cases/html,0,3,0%,6
https://www.imagetourl.cloud/pt-BR/imagem-para-base64/,0,3,0%,6.33
https://www.imagetourl.cloud/sw/use-cases/html,0,3,0%,6.67
https://imagetourl.cloud/ar/تحويل-الصورة-إلى-url-لـ-html/,0,3,0%,7
https://www.imagetourl.cloud/hi/imagetourl-के-बारे-में/,0,3,0%,7
https://imagetourl.cloud/ko/notion-이미지-호스팅-영구-링크/,0,3,0%,7.67
https://imagetourl.cloud/ms/blog/pautan-imej-terus-vs-pautan-biasa,0,3,0%,7.67
https://www.imagetourl.cloud/ko/use-cases/python,0,3,0%,7.67
https://imagetourl.cloud/fa/لینک-مستقیم-تصویر/,0,3,0%,8
https://imagetourl.cloud/tr/google-sheets-icin-resim-url/,0,3,0%,8
https://www.imagetourl.cloud/ur/blog/free-image-hosting-image-to-url,0,3,0%,8
https://imagetourl.cloud/fr/directives-de-contenu/,0,3,0%,8.33
https://imagetourl.cloud/it/url-immagini-google-sheets/,0,3,0%,8.33
https://www.imagetourl.cloud/bn/blog,0,3,0%,8.33
https://imagetourl.cloud/ar/بديل-imgbb-سريع/,0,3,0%,8.67
https://imagetourl.cloud/ru/url-izobrazheniy-dlya-google-forms/,0,3,0%,9
https://imagetourl.cloud/th/blog/pautan-imej-terus-vs-pautan-biasa,0,3,0%,9
https://imagetourl.cloud/de/webp-in-url-umwandeln/,0,3,0%,10
https://imagetourl.cloud/ko/ebay-이미지-호스팅/,0,3,0%,10
https://imagetourl.cloud/th/ทางเลือก-cloudinary/,0,3,0%,10
https://imagetourl.cloud/pt-BR/foto-para-link/,0,3,0%,11.67
https://imagetourl.cloud/tr/blog/free-image-hosting-image-to-url,0,3,0%,11.67
https://imagetourl.cloud/de/beste-imgur-alternative/,0,3,0%,12
https://imagetourl.cloud/ru/blog/top-10-free-image-hosting-options,0,3,0%,13
https://imagetourl.cloud/te/blog/image-url-అంటే-ఏమిటి-బిగినర్స్-గైడ్,0,3,0%,13.33
https://imagetourl.cloud/ja/github-readme-gazou-hozon/,0,3,0%,17
https://imagetourl.cloud/it/features,0,3,0%,18
https://imagetourl.cloud/fr/privacy/,0,3,0%,18.33
https://imagetourl.cloud/zh-Hant/blog,0,3,0%,19.33
https://imagetourl.cloud/pl/docs/,0,3,0%,21.67
https://imagetourl.cloud/de/features,0,3,0%,24
https://imagetourl.cloud/nl/privacy/,0,3,0%,31.67
https://imagetourl.cloud/ta/blog/image-url-என்றால்-என்ன-முழுமையான-வழிகாட்டி,0,3,0%,32.67
https://imagetourl.cloud/fr/contactez-imagetourl/,0,3,0%,33.33
https://imagetourl.cloud/zh-Hans/pricing,0,3,0%,37.67
https://imagetourl.cloud/ko/콘텐츠-가이드라인-정책/,0,3,0%,38.67
https://imagetourl.cloud/de/dauerhafte-bild-urls-fuer-notion/,0,3,0%,39
https://imagetourl.cloud/nl/blog,0,3,0%,46
https://imagetourl.cloud/es/convertir-png-a-jpg/,0,3,0%,51
https://www.imagetourl.cloud/nl/terms/,0,3,0%,56.33
https://imagetourl.cloud/de/bild-groesse-aendern/,0,3,0%,57
https://imagetourl.cloud/ja/jpg-を-png-に変換/,0,3,0%,57.33
https://imagetourl.cloud/nl/afbeeldingen-delen-whatsapp/,0,3,0%,58
https://imagetourl.cloud/es/convertir-imagen-a-enlace/,0,3,0%,59.33
https://imagetourl.cloud/nl/screenshot-naar-url-omzetten/,0,3,0%,62
https://imagetourl.cloud/tr/en-iyi-imgur-alternatifi/,0,3,0%,66.33
https://imagetourl.cloud/fr/convertir-heic-en-jpg/,0,3,0%,68
https://imagetourl.cloud/pl/zasady-tresci-imagetourl/,0,3,0%,68
https://imagetourl.cloud/pl/kontakt-z-imagetourl/,0,3,0%,71.67
https://imagetourl.cloud/fr/convertir-png-en-webp/,0,3,0%,76.67
https://www.imagetourl.cloud/es/convertir-webp-a-jpg/,0,3,0%,82
https://imagetourl.cloud/zh-Hant/heic-轉-pdf/,0,3,0%,87.33
https://imagetourl.cloud/it/blog/how-to-embed-hosted-images,0,3,0%,93
https://imagetourl.cloud/ar/تحويل-jpg-إلى-pdf/,0,3,0%,95
https://imagetourl.cloud/tr/blog/how-to-convert-any-image-to-a-shareable-url-in-seconds-step-by-step-o6rf1r,0,3,0%,95.67
https://imagetourl.cloud/en/docs,0,2,0%,1
https://imagetourl.cloud/en/base64-to-image,0,2,0%,1.5
https://www.imagetourl.cloud/tr/tools/upload-image-to-url,0,2,0%,1.5
https://imagetourl.cloud/pt-BR/pricing,0,2,0%,2.5
https://imagetourl.cloud/ru/blog/Image-URL-for-WhatsApp-and-Telegram-iexhbi,0,2,0%,2.5
https://imagetourl.cloud/ta/blog/free-image-hosting-image-to-url,0,2,0%,3
https://imagetourl.cloud/pl/blog/direct-image-links-vs-regular-links-whats-the-difference-and-when-to-use-each,0,2,0%,3.5
https://imagetourl.cloud/hi/blog/free-image-hosting-image-to-url,0,2,0%,4
https://imagetourl.cloud/ko/shopify-이미지-호스팅-무료/,0,2,0%,4
https://imagetourl.cloud/ar/blog/Image-URL-for-WhatsApp-and-Telegram-iexhbi,0,2,0%,4.5
https://imagetourl.cloud/fa/تبدیل-تصویر-به-url-برای-html/,0,2,0%,4.5
https://imagetourl.cloud/fa/دریافت-لینک-تصویر-برای-chatgpt/,0,2,0%,4.5
https://imagetourl.cloud/id/ubah-gambar-ke-url-permanen,0,2,0%,4.5
https://imagetourl.cloud/zh-Hans/cloudinary-替代品/,0,2,0%,4.5
https://imagetourl.cloud/vi/chuyen-anh-thanh-url-html/,0,2,0%,5
https://www.imagetourl.cloud/es/blog/enlaces-directos-vs-regulares-imagenes,0,2,0%,5
https://www.imagetourl.cloud/mr,0,2,0%,5
https://www.imagetourl.cloud/pt-BR/converter-png-para-url,0,2,0%,5
https://www.imagetourl.cloud/zh/use-cases/vrchat,0,2,0%,5
https://imagetourl.cloud/ar/بديل-cloudinary/,0,2,0%,5.5
https://www.imagetourl.cloud/en/use-cases/python,0,2,0%,5.5
https://imagetourl.cloud/fr/blog/Image-URL-for-WhatsApp-and-Telegram-iexhbi,0,2,0%,6
https://imagetourl.cloud/id/alternatif-cloudinary/,0,2,0%,6
https://www.imagetourl.cloud/en/blog/tag/free image hosting,0,2,0%,6
https://www.imagetourl.cloud/id/tools/image-to-url,0,2,0%,6
https://imagetourl.cloud/it/url-immagini-google-forms/,0,2,0%,6.5
https://imagetourl.cloud/nl/blog/Image-URL-for-WhatsApp-and-Telegram-iexhbi,0,2,0%,6.5
https://www.imagetourl.cloud/es/use-cases/roblox,0,2,0%,6.5
https://imagetourl.cloud/fr/blog/,0,2,0%,7
https://imagetourl.cloud/hi/imgbb-का-बेहतर-विकल्प/,0,2,0%,7
https://imagetourl.cloud/it/blog/الفرق-بين-روابط-الصور-المباشرة-والعادية,0,2,0%,7
https://imagetourl.cloud/zh-Hant/blog/what-is-an-image-url-a-complete-beginners-guide,0,2,0%,7
https://imagetourl.cloud/ar/شبكة-cdn-صور-مجانية/,0,2,0%,7.5
https://imagetourl.cloud/es/urls-imagenes-google-forms/,0,2,0%,7.5
https://imagetourl.cloud/id/pricing,0,2,0%,7.5
https://imagetourl.cloud/ko/영구-이미지-url-생성,0,2,0%,7.5
https://imagetourl.cloud/pl/o-imagetourl/,0,2,0%,8
https://imagetourl.cloud/zh-Hant/google-forms-圖片連結/,0,2,0%,8
https://www.imagetourl.cloud/ko,0,2,0%,8
https://www.imagetourl.cloud/ta,0,2,0%,8
https://imagetourl.cloud/de/bild-urls-fuer-google-sheets/,0,2,0%,8.5
https://imagetourl.cloud/vi/cdn-hinh-anh-mien-phi,0,2,0%,8.5
https://www.imagetourl.cloud/auth/login,0,2,0%,8.5
https://imagetourl.cloud/fr/url-images-google-forms/,0,2,0%,9
https://imagetourl.cloud/pt-BR/melhor-alternativa-ao-imgur/,0,2,0%,9
https://www.imagetourl.cloud/nl/afbeeldingen-delen-whatsapp,0,2,0%,9
https://imagetourl.cloud/fa/میزبانی-رایگان-تصویر/,0,2,0%,9.5
https://imagetourl.cloud/ms/blog/cara-mengubah-gambar-menjadi-url,0,2,0%,9.5
https://imagetourl.cloud/id/blog/top-10-free-image-hosting-options,0,2,0%,10
https://imagetourl.cloud/ta/திரைப்படத்தை-url-ஆக-மாற்று,0,2,0%,10
https://www.imagetourl.cloud/or,0,2,0%,10.5
https://imagetourl.cloud/bn/blog/image-url-అంటే-ఏమిటి-బిగినర్స్-గైడ్,0,2,0%,11
https://imagetourl.cloud/es/alojamiento-imagenes-shopify/,0,2,0%,11
https://imagetourl.cloud/vi/thay-the-imgbb/,0,2,0%,11
https://imagetourl.cloud/pt-BR/blog/links-diretos-vs-links-regulares,0,2,0%,12
https://imagetourl.cloud/ru/luchshaya-alternativa-imgur,0,2,0%,12
https://www.imagetourl.cloud/pt-BR/converter-webp-para-png/,0,2,0%,12
https://imagetourl.cloud/ja/chatgpt-画像url-変換/,0,2,0%,16
https://imagetourl.cloud/ar/تحويل-الصورة-إلى-رابط-دائم/,0,2,0%,17
https://imagetourl.cloud/how-to-host-image-for-free,0,2,0%,17
https://imagetourl.cloud/tr/gif-url-donusturucu/,0,2,0%,17.5
https://imagetourl.cloud/zh-Hans/blog/图片-转换-共享-url-指南,0,2,0%,17.5
https://imagetourl.cloud/es/privacy,0,2,0%,18
https://imagetourl.cloud/es/contacto-imagetourl/,0,2,0%,18.5
https://imagetourl.cloud/pt-BR/blog/como-converter-imagem-url-compartilhavel,0,2,0%,18.5
https://imagetourl.cloud/tr/privacy,0,2,0%,21
https://imagetourl.cloud/en/privacy,0,2,0%,21.5
https://imagetourl.cloud/en/terms/,0,2,0%,22.5
https://imagetourl.cloud/ar/blog/image-to-URL-tool-for-bloggers,0,2,0%,23
https://imagetourl.cloud/en/heic-to-jpg/,0,2,0%,23
https://imagetourl.cloud/en/privacy/,0,2,0%,23.5
https://imagetourl.cloud/zh-Hant/電子報-圖片託管/,0,2,0%,23.5
https://imagetourl.cloud/es/privacy/,0,2,0%,25
https://imagetourl.cloud/ru/blog/تبدیل-تصویر-به-لینک-imagetourl,0,2,0%,26
https://imagetourl.cloud/nl/blog/afbeelding-naar-url-converteren,0,2,0%,26.5
https://imagetourl.cloud/google-photos-direct-link,0,2,0%,27
https://imagetourl.cloud/pl/base64-na-obraz/,0,2,0%,27
https://imagetourl.cloud/ta/imagetourl-பற்றி/,0,2,0%,28.5
https://imagetourl.cloud/ko/blog,0,2,0%,29
https://imagetourl.cloud/tr/blog/was-ist-eine-bild-url-anleitung,0,2,0%,31
https://imagetourl.cloud/tr/docs/,0,2,0%,31
https://imagetourl.cloud/de/kostenloses-bild-hosting-shopify/,0,2,0%,32
https://imagetourl.cloud/nl/docs/,0,2,0%,33
https://imagetourl.cloud/pl/privacy/,0,2,0%,35
https://www.imagetourl.cloud/ta/blog/how-to-embed-hosted-images,0,2,0%,37.5
https://imagetourl.cloud/pl/terms/,0,2,0%,38
https://imagetourl.cloud/zh-Hans/jpg-转-png/,0,2,0%,38
https://imagetourl.cloud/ru/docs/,0,2,0%,40
https://imagetourl.cloud/id/konversi-heic-ke-jpg/,0,2,0%,40.5
https://imagetourl.cloud/zh-Hans/免费-图片-托管/,0,2,0%,42
https://imagetourl.cloud/mr/blog/image-url-म्हणजे-काय-मार्गदर्शिका,0,2,0%,42.5
https://imagetourl.cloud/mr/pricing,0,2,0%,46
https://www.imagetourl.cloud/th/tools/image-to-short-url,0,2,0%,47
https://imagetourl.cloud/zh-Hans/blog/,0,2,0%,48
https://imagetourl.cloud/ru/konverter-heic-v-jpg/,0,2,0%,51
https://www.imagetourl.cloud/ur/pricing,0,2,0%,53
https://imagetourl.cloud/de/bildhosting-fuer-e-mail-signaturen/,0,2,0%,54
https://imagetourl.cloud/tr/imgbb-alternatifi/,0,2,0%,54
https://imagetourl.cloud/bn/blog/how-to-convert-any-image-to-a-shareable-url-in-seconds-step-by-step-o6rf1r,0,2,0%,56
https://imagetourl.cloud/tr/resim-url-olusturucu/,0,2,0%,57.5
https://imagetourl.cloud/pl/generator-favicon/,0,2,0%,58
https://www.imagetourl.cloud/es/privacy/,0,2,0%,58
https://imagetourl.cloud/pl/kompresor-obrazow/,0,2,0%,60
https://imagetourl.cloud/id/blog/free-image-hosting-image-to-url,0,2,0%,63.5
https://imagetourl.cloud/nl/jpg-naar-png-converteren/,0,2,0%,68.5
https://imagetourl.cloud/nl/contact-opnemen/,0,2,0%,69
https://imagetourl.cloud/nl/jpg-naar-url-converteren/,0,2,0%,73
https://imagetourl.cloud/ko/png-webp-변환/,0,2,0%,74
https://imagetourl.cloud/ur/blog/image-url-کیا-ہے-مکمل-گائیڈ,0,2,0%,87.5
https://imagetourl.cloud/ms/tukar-jpg-ke-pdf/,0,2,0%,91
https://imagetourl.cloud/tr/gorsel-gomme-kodu-olusturucu/,0,2,0%,92.5
https://www.imagetourl.cloud/nl/foto-naar-url-omzetten/,0,2,0%,94
https://www.imagetourl.cloud/tl/i-convert-ang-png-sa-url,0,2,0%,110.5
https://imagetourl.cloud/pt-BR/gerador-codigo-incorporacao-imagem,0,1,0%,1
https://imagetourl.cloud/pt-BR/imagem-para-url-permanente/,0,1,0%,1
https://www.imagetourl.cloud/ru/khosting-izobrazheniy-dlya-rassylok/,0,1,0%,1
https://imagetourl.cloud/de/blog/bezposrednie-linki-do-obrazow-kontra-zwykle-linki,0,1,0%,2
https://imagetourl.cloud/nl/blog/how-to-embed-hosted-images,0,1,0%,2
https://imagetourl.cloud/zh-Hans/blog/direct-image-links-vs-regular-links,0,1,0%,2
https://www.imagetourl.cloud/en/image-to-url-vercel,0,1,0%,2
https://www.imagetourl.cloud/pl,0,1,0%,2
https://imagetourl.cloud/ar/رفع-الصور-بالجملة/,0,1,0%,3
https://imagetourl.cloud/ar/blog/الفرق-بين-روابط-الصور-المباشرة-والعادية,0,1,0%,3
https://imagetourl.cloud/bn/ডাইরেক্ট-ইমেজ-লিঙ্ক/,0,1,0%,3
https://imagetourl.cloud/ko/blog/pryamye-ssylki-na-izobrazheniya-vs-obychnye-ssylki,0,1,0%,3
https://imagetourl.cloud/mr/blog/Image-URL-for-WhatsApp-and-Telegram-iexhbi,0,1,0%,3
https://imagetourl.cloud/pt-BR/imagem-para-url-vercel/,0,1,0%,3
https://imagetourl.cloud/th/features,0,1,0%,3
https://imagetourl.cloud/zh-Hans/whatsapp-图片-链接-分享/,0,1,0%,3
https://www.imagetourl.cloud/ja/blog/best-practices-image-to-url-cdn-delivery,0,1,0%,3
https://imagetourl.cloud/hi/gif-को-url-में-बदलें/,0,1,0%,4
https://imagetourl.cloud/hi/png-को-url-में-बदलें/,0,1,0%,4
https://imagetourl.cloud/ko/features,0,1,0%,4
https://imagetourl.cloud/ms/blog/was-ist-eine-bild-url-anleitung,0,1,0%,4
https://imagetourl.cloud/nl/blog/top-10-free-image-hosting-options,0,1,0%,4
https://imagetourl.cloud/vi/thay-the-cloudinary/,0,1,0%,4
https://imagetourl.cloud/zh-Hans/png-转-webp/,0,1,0%,4
https://www.imagetourl.cloud/en/cloudinary-alternative/,0,1,0%,4
https://imagetourl.cloud/ai-image-hosting/,0,1,0%,5
https://imagetourl.cloud/fr/blog/ลิงก์รูปภาพโดยตรง-vs-ลิงก์ทั่วไป,0,1,0%,5
https://imagetourl.cloud/pl/blog/ما-هو-رابط-الصورة-دليل-شامل,0,1,0%,5
https://imagetourl.cloud/pt-BR/terms,0,1,0%,5
https://imagetourl.cloud/ru/konvertirovat-jpg-v-pdf/,0,1,0%,5
https://imagetourl.cloud/vi/trinh-tao-url-anh/,0,1,0%,5
https://imagetourl.cloud/zh-Hans/截图转链接/,0,1,0%,5
https://imagetourl.cloud/zh-Hans/blog/bild-in-url-umwandeln-anleitung,0,1,0%,5
https://www.imagetourl.cloud/it/converti-png-in-url,0,1,0%,5
https://www.imagetourl.cloud/ko/cloudinary-대체,0,1,0%,5
https://imagetourl.cloud/ar/رفع-صور-مجهول-إلى-url/,0,1,0%,6
https://imagetourl.cloud/de/bild-urls-fuer-google-forms/,0,1,0%,6
https://imagetourl.cloud/image-hosting-for-jira,0,1,0%,6
https://imagetourl.cloud/ja/画像-url-変換/,0,1,0%,6
https://imagetourl.cloud/tl/image-hosting-para-sa-newsletter/,0,1,0%,6
https://imagetourl.cloud/zh-Hans/匿名-image-上传/,0,1,0%,6
https://www.imagetourl.cloud/es/blog/image-to-URL-tool-for-bloggers,0,1,0%,6
https://www.imagetourl.cloud/nl/over-imagetourl/,0,1,0%,6
https://www.imagetourl.cloud/nl/project-brief,0,1,0%,6
https://imagetourl.cloud/de/bild-hosting-fuer-discord/,0,1,0%,7
https://imagetourl.cloud/fa/افزودن-تصویر-به-google-forms/,0,1,0%,7
https://imagetourl.cloud/hi/इमेज-को-url-में-बदलें/,0,1,0%,7
https://imagetourl.cloud/hi/फोटो-को-url-में-बदलें/,0,1,0%,7
https://imagetourl.cloud/id/url-gambar-google-forms/,0,1,0%,7
https://imagetourl.cloud/ms/imej-kepada-url-vercel/,0,1,0%,7
https://imagetourl.cloud/pt-BR/link-direto-imagem/,0,1,0%,7
https://imagetourl.cloud/th/blog/Image-URL-for-WhatsApp-and-Telegram-iexhbi,0,1,0%,7
https://imagetourl.cloud/zh-Hant/docs/,0,1,0%,7
https://www.imagetourl.cloud/es/blog/direct-image-links-vs-regular-links-whats-the-difference-and-when-to-use-each,0,1,0%,7
https://www.imagetourl.cloud/es/imagen-a-base64/,0,1,0%,7
https://www.imagetourl.cloud/hi/ईमेल-न्यूज़लेटर-के-लिए-इमेज-होस्टिंग/,0,1,0%,7
https://imagetourl.cloud/ar/إرشادات-المحتوى-imagetourl/,0,1,0%,8
https://imagetourl.cloud/de/bild-url-fuer-chatgpt-erstellen/,0,1,0%,8
https://imagetourl.cloud/hi/privacy,0,1,0%,8
https://imagetourl.cloud/it/screenshot-in-url-convertire,0,1,0%,8
https://imagetourl.cloud/it/terms/,0,1,0%,8
https://imagetourl.cloud/ja/blog/bild-in-url-umwandeln-anleitung,0,1,0%,8
https://imagetourl.cloud/ms/url-gambar-google-sheets/,0,1,0%,8
https://imagetourl.cloud/pl/url-obrazu-dla-chatgpt/,0,1,0%,8
https://imagetourl.cloud/ta/blog/படத்தை-எளிதாக-url-ஆக-மாற்றுவது-எப்படி,0,1,0%,8
https://imagetourl.cloud/th/โฮสต์รูปภาพ-ebay/,0,1,0%,8
https://imagetourl.cloud/ur/blog/ڈائریکٹ-امیج-لنکس-بمقابلہ-ریگولر-لنکس,0,1,0%,8
https://imagetourl.cloud/vi/chuyen-anh-thanh-url-vinh-vien/,0,1,0%,8
https://www.imagetourl.cloud/hi/chatgpt-के-लिए-image-url-प्राप्त-करें/,0,1,0%,8
https://www.imagetourl.cloud/ko/이미지-base64-변환,0,1,0%,8
https://www.imagetourl.cloud/nl/png-naar-url-converteren,0,1,0%,8
https://www.imagetourl.cloud/sw/tools/jpg-to-url,0,1,0%,8
https://imagetourl.cloud/de/kostenloses-image-cdn/,0,1,0%,9
https://imagetourl.cloud/es/urls-imagenes-google-sheets/,0,1,0%,9
https://imagetourl.cloud/id/hosting-gambar-forum/,0,1,0%,9
https://imagetourl.cloud/ms/alternatif-cloudinary/,0,1,0%,9
https://imagetourl.cloud/te/blog/చిత్రాన్ని-shareable-url-గా-మార్చడం-ఎలా,0,1,0%,9
https://imagetourl.cloud/tl/privacy,0,1,0%,9
https://imagetourl.cloud/tr/dogrudan-resim-linki/,0,1,0%,9
https://imagetourl.cloud/vi/blog/图片-转换-共享-url-指南,0,1,0%,9
https://imagetourl.cloud/zh-Hant/論壇-圖片-託管/,0,1,0%,9
https://www.imagetourl.cloud/pl/alternatywa-dla-cloudinary,0,1,0%,9
https://imagetourl.cloud/ar/استضافة-صور-النشرات-البريدية/,0,1,0%,10
https://imagetourl.cloud/bn/imgbb-এর-সেরা-বিকল্প/,0,1,0%,10
https://imagetourl.cloud/en/image-to-link/,0,1,0%,10
https://imagetourl.cloud/es/alojamiento-imagenes-discord/,0,1,0%,10
https://imagetourl.cloud/es/alojamiento-imagenes-notion/,0,1,0%,10
https://imagetourl.cloud/fr/pricing,0,1,0%,10
https://imagetourl.cloud/hi/blog,0,1,0%,10
https://imagetourl.cloud/id/generator-kode-embed-gambar,0,1,0%,10
https://imagetourl.cloud/mr/फेविकॉन-जनरेटर/,0,1,0%,10
https://imagetourl.cloud/ms/pautan-imej-terus/,0,1,0%,10
https://imagetourl.cloud/ru/massovaya-zagruzka-izobrazheniy/,0,1,0%,10
https://imagetourl.cloud/ta/படத்தை-url-ஆக-மாற்றுங்கள்/,0,1,0%,10
https://imagetourl.cloud/th/blog/image-url-क्या-है-संपूर्ण-गाइड,0,1,0%,10
https://imagetourl.cloud/tr/chatgpt-icin-resim-url-olustur/,0,1,0%,10
https://imagetourl.cloud/zh-Hans/图片-嵌入-代码-生成器,0,1,0%,10
https://imagetourl.cloud/zh-Hans/照片转链接/,0,1,0%,10
https://imagetourl.cloud/zh-Hans/blog/was-ist-eine-bild-url-anleitung,0,1,0%,10
https://imagetourl.cloud/zh-Hant/照片轉網址/,0,1,0%,10
https://imagetourl.cloud/zh/privacy,0,1,0%,10
https://www.imagetourl.cloud/es/alojamiento-imagenes-shopify/,0,1,0%,10
https://www.imagetourl.cloud/it,0,1,0%,10
https://www.imagetourl.cloud/ru/tools/gif-to-url,0,1,0%,10
https://www.imagetourl.cloud/ur/cloudinary-کا-متبادل,0,1,0%,10
https://imagetourl.cloud/fr/blog/best-practices-for-sharing-images-online-without-losing-quality,0,1,0%,11
https://imagetourl.cloud/mr/सर्वोत्तम-imgur-पर्याय/,0,1,0%,11
https://imagetourl.cloud/nl/webp-naar-url-converter/,0,1,0%,11
https://imagetourl.cloud/tr/ekran-goruntusunu-url-yap,0,1,0%,11
https://imagetourl.cloud/vi/blog/lien-ket-anh-truc-tiep-vs-lien-ket-thuong,0,1,0%,11