Top queries,Clicks,Impressions,CTR,Position
image to url,245,6300,3.89%,11.1
png to url,161,1163,13.84%,6.33
imagetourl,142,1459,9.73%,4.35
convert jpg image to url link,115,1398,8.23%,8.06
gif to url,87,781,11.14%,7.73
image to url converter,73,1934,3.77%,12.82
png to link,60,1153,5.2%,6.74
jpg to url,60,1129,5.31%,8.01
photo to url,43,884,4.86%,9.97
gif to link,40,457,8.75%,9.01
convert png image to url link,36,232,15.52%,6
png to url converter,29,233,12.45%,6.33
imagetourl.cloud,28,36,77.78%,2.03
image to url png,27,97,27.84%,5.87
img to url,17,597,2.85%,10.02
jpg to link,16,1462,1.09%,8.89
png to link converter,16,168,9.52%,6.69
image to url jpg,16,81,19.75%,5.99
webp to link,16,43,37.21%,4.47
image to url converter free,15,231,6.49%,12.04
image tourl,15,120,12.5%,4.32
convert jpg image to url link online free,14,169,8.28%,7.93
webp to url,14,58,24.14%,3.29
image to url free,13,169,7.69%,9.01
image 2 url,13,102,12.75%,10.52
photo to link url,13,24,54.17%,11.83
tourl image,12,99,12.12%,7.26
gif to url converter,12,93,12.9%,11.02
png to url link,12,92,13.04%,5.63
image png link generator,11,25,44%,5.16
image to link,10,820,1.22%,24.48
image url,10,652,1.53%,44.63
image to url link,10,174,5.75%,13.41
画像をurlに変換,9,220,4.09%,11.26
jpg to url converter,9,159,5.66%,8.78
photo to link,9,112,8.04%,20.59
tourl,8,130,6.15%,6.94
upload image url,7,227,3.08%,38.99
png to link url,7,120,5.83%,5.63
png a url,7,39,17.95%,6.08
تبدیل عکس به لینک,6,166,3.61%,9.91
picture to url,6,159,3.77%,14.12
photo to url converter,6,140,4.29%,15.89
image to url link converter free,6,76,7.89%,9.91
convert png to url,6,55,10.91%,5.85
convert jpg to url link,6,55,10.91%,7.64
gif a url,6,26,23.08%,5.08
png to url converter free,6,25,24%,5.12
png url link,6,16,37.5%,4.12
convert image to url,5,249,2.01%,17.57
jpg to link converter,5,213,2.35%,8.46
jpg to url link,5,121,4.13%,7.76
imgur аналоги,5,105,4.76%,9.53
png url,5,101,4.95%,7.93
png to url link converter,5,44,11.36%,5.32
image to url converter permanent,5,28,17.86%,8.21
gif into link,5,27,18.52%,7.81
画像をurlに変換 サイト,5,20,25%,20.85
png to url free,5,8,62.5%,13.88
image url generator,4,303,1.32%,27.94
из фото в ссылку,4,207,1.93%,9.14
image to link converter,4,191,2.09%,30.38
convert png to link,4,59,6.78%,6.14
image url generator free,4,46,8.7%,39.78
png url generator,4,36,11.11%,7.17
link maker for image,4,28,14.29%,12.04
convertir png a url,4,21,19.05%,6.9
image to url permanent,4,20,20%,9.4
gif to url link,4,19,21.05%,8.95
jpeg to url,3,62,4.84%,13.11
image to url generator,3,56,5.36%,18.79
screenshot to url,3,55,5.45%,20.13
convert image to url link,3,44,6.82%,11.8
convert gif to url,3,43,6.98%,6.74
png url化,3,43,6.98%,7.67
free image to url converter,3,36,8.33%,10.44
jpeg url,3,29,10.34%,8.83
png url maker,3,28,10.71%,6.61
image to direct link,3,21,14.29%,13.52
фото в ссылку,3,20,15%,17.7
png to image url,3,15,20%,5.27
png url dönüştürücü,3,15,20%,7.27
convertir image en url gratuit,3,14,21.43%,10.86
jpg url image,3,12,25%,4.5
webp to url converter,3,11,27.27%,5
de png a url,3,10,30%,6.5
image url generator png,3,7,42.86%,5.86
画像をurl化,3,7,42.86%,25.86
turn photo to url,3,6,50%,6.83
imagen a url png,3,3,100%,14.67
free image hosting,2,249,0.8%,66.46
photo url,2,119,1.68%,28.61
convert jpg to link,2,98,2.04%,9.02
image to link generator,2,98,2.04%,16.81
photo to url link,2,92,2.17%,9.36
image url converter,2,88,2.27%,17.16
convert jpg to url,2,80,2.5%,7.59
image link maker,2,57,3.51%,18.65
imageurl,2,53,3.77%,35.42
convert image to link,2,46,4.35%,20.22
画像をurlに変換 iphone,2,41,4.88%,12.27
gif url化,2,40,5%,8.9
jpg link generator,2,36,5.56%,9.28
photo url converter,2,32,6.25%,31.75
gif to link url,2,30,6.67%,6.4
圖片轉網址,2,25,8%,19.96
png to link converter free,2,23,8.7%,5.7
png a link,2,22,9.09%,8.27
convert photo to url,2,22,9.09%,19.09
url photo,2,22,9.09%,30.95
画像をurlに変換 無料,2,21,9.52%,11.38
png into url,2,20,10%,6
jpg to link generator,2,20,10%,9.15
gif url generator,2,20,10%,16.9
url image generator,2,20,10%,31.35
convert png to url free,2,19,10.53%,5.58
screenshot to url converter,2,19,10.53%,9.21
image to url generator free,2,18,11.11%,10.17
image into link,2,17,11.76%,39.12
gif into url,2,16,12.5%,7.12
фото в урл,2,16,12.5%,8.19
phototourl,2,15,13.33%,8.87
image upload site,2,15,13.33%,84.27
jpg 轉 網址,2,14,14.29%,17.07
image to url converter online,2,12,16.67%,7.75
upload image url free,2,12,16.67%,69.42
turn png into link,2,11,18.18%,5.82
image to url free online,2,10,20%,9
url generator for images,2,10,20%,29.2
jpg to image url,2,9,22.22%,10.89
photo en url,2,8,25%,15.88
image to permanent link,2,7,28.57%,8.14
photo to url free,2,7,28.57%,8.29
jpg to url converter free,2,6,33.33%,6
url to image,2,6,33.33%,68
lien png,2,3,66.67%,4.33
imgbb thai,2,3,66.67%,21
image direct link generator,2,2,100%,50
convert image into url,1,89,1.12%,40.63
jpg url,1,83,1.2%,17.69
photo link generator,1,71,1.41%,24.41
jpeg to link,1,62,1.61%,8.76
picture to url converter,1,62,1.61%,27.52
jpg link,1,61,1.64%,15.74
image link creator,1,60,1.67%,23.72
photo to link converter,1,48,2.08%,22.65
gif to link converter,1,44,2.27%,10.52
写真をurlにする,1,43,2.33%,10.67
imgbb alternative,1,39,2.56%,20.95
jpg to url link converter,1,36,2.78%,7.83
перевод фото в ссылку,1,35,2.86%,9.86
images to url converter,1,35,2.86%,12.66
imgtourl,1,34,2.94%,5.21
convertir image en lien url gratuit,1,32,3.12%,13.75
cdn.phototourl,1,31,3.23%,6.32
png link generator,1,27,3.7%,11.78
image hosting sites,1,27,3.7%,55.41
圖片託管,1,26,3.85%,8.96
iamge to url,1,25,4%,8.2
jpg to url free,1,24,4.17%,7.5
image to link url,1,24,4.17%,14.54
whatsapp image url,1,24,4.17%,21.58
имгур аналоги,1,23,4.35%,9.48
turn image into url,1,23,4.35%,31.26
альтернатива imgur,1,22,4.55%,9.09
imge to url,1,20,5%,8.15
ss to link,1,20,5%,8.4
画像urlとは,1,19,5.26%,7.37
фото в url,1,19,5.26%,9.79
photo to link generator,1,19,5.26%,9.95
foto to url,1,18,5.56%,13.22
png into link,1,17,5.88%,5.94
upload png to url,1,17,5.88%,7.35
ссылка из фото,1,17,5.88%,9.35
image to link jpg,1,16,6.25%,7.62
image to jpg url,1,16,6.25%,7.75
замена imgur,1,16,6.25%,8.44
تبدیل تصویر به لینک,1,16,6.25%,9.06
post image link,1,16,6.25%,15
image converter to url,1,16,6.25%,28.19
gif hosting,1,16,6.25%,45.75
webp url,1,14,7.14%,6.07
turn gif into url,1,14,7.14%,7.07
image to link png,1,14,7.14%,8
png url converter,1,14,7.14%,13.93
image convert url,1,14,7.14%,29.93
image convert to url link,1,13,7.69%,8.77
превратить фото в ссылку,1,13,7.69%,13.15
image hosting for email signature,1,13,7.69%,17.69
画像 url化,1,13,7.69%,22
link image,1,13,7.69%,27.08
turn picture into link,1,13,7.69%,60.08
image to png url converter,1,12,8.33%,7.42
image to url online,1,12,8.33%,9.92
img to url converter,1,12,8.33%,12.92
image to url convert,1,12,8.33%,15.83
photo link creator,1,12,8.33%,25
url image converter,1,12,8.33%,48.67
image urls,1,12,8.33%,73.92
генератор ссылок на фото,1,11,9.09%,8.18
image url generator jpg,1,11,9.09%,8.27
best image to url converter,1,11,9.09%,12.82
image to link free,1,11,9.09%,26.09
picture link maker,1,11,9.09%,51.82
free image to url,1,10,10%,8.8
аналог имгура,1,10,10%,9.2
convert image to link free,1,10,10%,9.3
url to gif,1,10,10%,9.8
image to https link converter,1,10,10%,11.3
image embed code generator,1,10,10%,14
upload images url,1,10,10%,59.3
имгур аналог,1,8,12.5%,8.12
картинка в ссылку,1,8,12.5%,9.25
ทํารูปเป็นลิ้ง,1,8,12.5%,9.38
from image to url,1,8,12.5%,9.88
upload gif to url,1,8,12.5%,10.25
bulk image link generator,1,8,12.5%,12.88
image ti url,1,8,12.5%,13.75
фото в url ссылку,1,8,12.5%,17.62
이미지 url 변환 사이트,1,8,12.5%,19.75
画像url化,1,8,12.5%,20.12
画像をurlに,1,8,12.5%,20.5
criar url de imagem grátis,1,8,12.5%,40.38
url for photo,1,8,12.5%,55.38
convert png to url link,1,7,14.29%,4.57
png image link generator,1,7,14.29%,7.86
прямая ссылка на фото,1,7,14.29%,23.71
image to link online,1,7,14.29%,40.71
url link image,1,7,14.29%,53.43
upload gif to link,1,6,16.67%,6.33
png to https link,1,6,16.67%,6.5
圖片轉url,1,6,16.67%,11.83
from image to link,1,6,16.67%,13.17
image to links,1,6,16.67%,13.33
이미지 링크로 변환,1,6,16.67%,13.83
image to direct link converter,1,6,16.67%,16.17
free image to url generator,1,6,16.67%,40.67
png link,1,6,16.67%,56.5
图片转url,1,5,20%,9.2
image to https,1,5,20%,10
image to https link,1,5,20%,13.8
hosting zdjęć online,1,5,20%,22.4
convertir une image en url,1,5,20%,26.8
link image generator,1,5,20%,63.8
image to ulr,1,4,25%,7.25
imagw to url,1,4,25%,8.25
photo convert to url link,1,4,25%,9
image t url,1,4,25%,9.5
make image url link,1,4,25%,9.5
تبدیل عکس به لینک رایگان,1,4,25%,9.75
generador de url de imagenes,1,4,25%,10
host jpg,1,4,25%,12.5
استضافة صور,1,4,25%,13
превращение фото в ссылку,1,4,25%,14.5
ubah gambar menjadi link online,1,4,25%,27.25
image in link,1,4,25%,33.75
convertir imagen a link,1,4,25%,36.5
turn pic into link,1,4,25%,38.25
url upload image,1,4,25%,65
how to make an image into a link,1,4,25%,90.75
mp4 to url,1,4,25%,90.75
png2url,1,3,33.33%,4.33
how to get a png link,1,3,33.33%,7
image convert into link,1,3,33.33%,7.67
convertisseur image en url,1,3,33.33%,9
screenshot into link,1,3,33.33%,9.33
bilder in link umwandeln,1,3,33.33%,15.33
hosting zdjec za darmo,1,3,33.33%,17.67
이미지 url 생성,1,3,33.33%,27.67
email signature image hosting,1,3,33.33%,32.67
gif hosting free,1,3,33.33%,35
https://freeimage.host/,1,2,50%,7.5
foto url,1,2,50%,8
image to bbcode,1,2,50%,8
jpg image to url link,1,2,50%,8
convertir image en lien url,1,2,50%,9
create image to url,1,2,50%,9.5
bild als url erstellen,1,2,50%,10
image to image address converter,1,2,50%,10
how to convert image to url link,1,2,50%,11
extractpics,1,2,50%,12
画像をurlに変換 アプリ,1,2,50%,12.5
사진 링크 변환,1,2,50%,14
hosting di immagini temporaneo sicuro e riservato,1,2,50%,15
圖片網址生成器,1,2,50%,16.5
画像リンク 作成ツール,1,2,50%,25.5
convertir foto en url,1,2,50%,28
cdn رایگان,1,2,50%,36
画像url 取得,1,2,50%,42.5
upload free image,1,2,50%,68
хостинг изображений бесплатный,1,1,100%,3
png를 gif로,1,1,100%,5
url-img.link,1,1,100%,5
url link generator for image,1,1,100%,7
pinimg upload,1,1,100%,8
url image link generator,1,1,100%,8
imgur equivalent,1,1,100%,9
хостинг гиф,1,1,100%,10
image url link generator,1,1,100%,12
ubah foto jadi url,1,1,100%,13
crear link de imagen png,1,1,100%,15
تحويل الصورة الى رابط url,1,1,100%,17
hosting zdjęć imgur,1,1,100%,20
screenshot url,1,1,100%,20
image create link,1,1,100%,21
تحويل صور الى رابط,1,1,100%,30
up ảnh lấy link png,1,1,100%,31
image post link,1,1,100%,35
сделать сылку,1,1,100%,54
무료 이미지 링크,1,1,100%,60
gerar link de imagem png,1,1,100%,62
تبدیل فرمت heic به jpg در کامپیوتر,1,1,100%,76
image upload site free,1,1,100%,173
image link,0,215,0%,72.78
image link generator,0,200,0%,42.73
image hosting,0,196,0%,72.42
pic to url,0,161,0%,14.18
turn image into a link,0,145,0%,70.5
make image into link,0,143,0%,56.99
ฟรีโฮสติ้งรูปภาพ,0,135,0%,7.58
free image url generator,0,107,0%,54.58
imgur alternative,0,106,0%,34.21
free image host,0,101,0%,62.65
picture url,0,94,0%,66.14
photos to url,0,88,0%,45.36
photo into url,0,88,0%,46.62
free image url creator,0,78,0%,55.62
image url maker,0,76,0%,40.47
upload picture to link,0,76,0%,64.78
upload images to link,0,75,0%,66.51
turn picture into a link,0,74,0%,62.8
make an image into a link,0,73,0%,65.37
image hosting free,0,72,0%,53.29
pics to url,0,72,0%,55.46
free hosting image,0,69,0%,65.61
turn a picture into a link,0,68,0%,62.4
upload pic to link,0,68,0%,67.99
make picture into link,0,67,0%,55.1
udostępnij zdjęcia,0,62,0%,54.45
image hosting web,0,62,0%,73.44
create link from image,0,61,0%,70.69
upload image for link,0,60,0%,71.85
url image,0,59,0%,53.34
image host,0,58,0%,77.09
photo link,0,58,0%,81.33
free url for image,0,57,0%,69.82
upload picture for link,0,57,0%,73.26
image in url,0,56,0%,24.34
из фото ссылку,0,55,0%,8.84
upload photo url,0,55,0%,56.45
аналоги imgur,0,54,0%,10.65
img to link,0,54,0%,17.52
create image url,0,54,0%,32.98
image cdn free,0,54,0%,33.8
make image url,0,53,0%,31.06
photo url generator,0,53,0%,39.85
image hosting site,0,53,0%,58.91
create a image link,0,52,0%,63.92
web image hosting,0,51,0%,81.51
image upload and link,0,49,0%,77.43
screenshot to link,0,48,0%,19.92
image free hosting,0,48,0%,70.33
picture url generator,0,46,0%,44.3
jpg to link url,0,45,0%,8.93
create image link,0,45,0%,28.02
free image cdn,0,45,0%,64.67
temp image host,0,45,0%,74.31
image hosting api,0,44,0%,82.41
image cdn,0,43,0%,38.51
pic url,0,42,0%,53.81
images to url,0,41,0%,19.02
画像 cdn,0,41,0%,60.41
create link for image,0,40,0%,47.15
online image hosting free,0,40,0%,59.08
画像 url 変換,0,39,0%,13.67
аналог имгур,0,38,0%,9.66
cloudinary alternative,0,38,0%,50.13
img url,0,38,0%,51.97
get a url for a picture,0,38,0%,55.5
аналог imgur,0,37,0%,9.65
pic to link,0,37,0%,31.03
url maker for image,0,36,0%,23.89
image url creator,0,36,0%,28.94
picture to link,0,36,0%,54.67
upload a picture to a link,0,36,0%,59.78
png to jpg convertissima.online,0,36,0%,124
come trasformare una foto in un link,0,34,0%,33.71
get image url,0,34,0%,43.06
upload image to url,0,34,0%,52.41
free host images,0,34,0%,68.35
host image temporarily,0,34,0%,76.82
image-link link suggest,0,34,0%,79.88
webp to jpg,0,34,0%,91.65
изображение в ссылку,0,33,0%,9.21
hosting zdjęć,0,33,0%,26.12
تبدیل عکس ب لینک,0,32,0%,9.28
upload picture to url,0,32,0%,45.25
online free image hosting,0,32,0%,58.66
画像のurlとは,0,31,0%,8.42
turn image into link,0,31,0%,45.9
photo sharing quality,0,31,0%,55.74
image host free,0,30,0%,60
srcset,0,30,0%,94.33
image into url,0,29,0%,17
url from image,0,29,0%,46.52
imgur аналог,0,28,0%,8.96
image to image url,0,28,0%,39.89
image en url,0,27,0%,17.22
jpg a url,0,26,0%,18.12
url for image,0,26,0%,44.92
picture link,0,26,0%,58.77
web hosting images,0,26,0%,86.88
фото в юрл,0,25,0%,9.32
аналоги имгур,0,25,0%,9.64
link generator for image,0,25,0%,16.28
upload zdjec,0,25,0%,21.24
darmowy hosting zdjęć bez rejestracji,0,25,0%,27.6
serwer do zdjęć,0,25,0%,47.2
upload image link,0,25,0%,47.44
image upload url,0,25,0%,53.92
free image hosting sites,0,25,0%,65.68
embed image in email,0,25,0%,86.6
cloud_upload,0,24,0%,12.29
udostępnianie zdjęć online,0,24,0%,29.42
create url for image,0,24,0%,42.92
picture url maker,0,24,0%,48.75
free image hosting website,0,24,0%,77
image-link add site,0,24,0%,86.46
скрин в ссылку,0,23,0%,10.22
pic link generator,0,23,0%,19.52
udostępnianie zdjęć linkiem,0,23,0%,37.87
upload picture url,0,23,0%,53.39
image hosting url,0,23,0%,59.74
hotlinking,0,23,0%,92.57
photo into link,0,22,0%,12.59
gif url,0,22,0%,22.55
imagine to url,0,22,0%,31.5
image url link,0,22,0%,39.77
picture to link converter,0,22,0%,40.64
hosting di immagini,0,22,0%,47.05
이미지 url 만들기,0,22,0%,62.41
jpg url generator,0,21,0%,8.57
reddit image hosting,0,21,0%,23.19
darmowy hosting zdjęć,0,21,0%,25.71
photo url maker,0,21,0%,45.33
hosting free image,0,21,0%,64.86
url afbeelding,0,21,0%,74.95
picture link upload,0,21,0%,77.05
png link converter,0,20,0%,5.8
с фото в ссылку,0,20,0%,8.75
конвертировать фото в ссылку,0,20,0%,10.3
генератор url,0,20,0%,11.55
link generator for images,0,20,0%,27.95
convert photo to link,0,20,0%,28.5
url jpg,0,20,0%,29.95
crea url immagine,0,20,0%,34.75
free image hosting service,0,20,0%,55.4
upload pic url,0,20,0%,64.9
share photos without compression,0,20,0%,65.15
free image upload,0,20,0%,71.15
free images cdn,0,20,0%,82.25
png to pdf,0,20,0%,88.15
subir fotos anónimamente,0,19,0%,8.74
image to url link converter,0,19,0%,9.32
сделать из фото ссылку,0,19,0%,13.95
bulk image upload,0,19,0%,23.42
picture link generator,0,19,0%,38.32
upload image for url,0,19,0%,53.21
generate image url,0,19,0%,57.05
base64 to image,0,19,0%,61.63
upload pic link,0,19,0%,77.58
image upload api,0,19,0%,84.37
png in jpg umwandeln,0,19,0%,86
превратить изображение в ссылку,0,18,0%,14.5
hosting zdjęć bez rejestracji,0,18,0%,27.28
upload image and get link,0,18,0%,40.67
sites like imgur,0,18,0%,42.33
turn image to url,0,18,0%,45
generate url for image,0,18,0%,46.56
anonymous image upload,0,18,0%,57.22
embed image in email html,0,18,0%,97.11
imgur vs imgbb,0,17,0%,6.82
image to jpg url converter,0,17,0%,7.12
сделать ссылку из фото,0,17,0%,11.76
gambar jadi link,0,17,0%,28.53
bildkomprimierer,0,17,0%,42.88
upload photo to link,0,17,0%,57.59
free photo hosting,0,17,0%,66
image hosting site free,0,17,0%,77.65
hosting image,0,17,0%,83.94
how to embed an image in an email,0,17,0%,87.94
url images,0,17,0%,89.29
image rest apis,0,17,0%,91.65
imageto url,0,16,0%,8.06
imag to url,0,16,0%,8.81
из картинки в ссылку,0,16,0%,11.44
image convert to url,0,16,0%,17.25
image address generator,0,16,0%,23.62
hosting zdjec,0,16,0%,25.56
make url for image,0,16,0%,28.19
embed code,0,16,0%,61.88
heic to pdf,0,16,0%,77.19
turn gif into link,0,15,0%,7.2
convert gif to link,0,15,0%,7.67
codice embed,0,15,0%,23.87
bild in link umwandeln,0,15,0%,32.07
make image link,0,15,0%,42.8
url image maker,0,15,0%,43.13
ebay image hosting,0,15,0%,44.27
alternative to imgur,0,15,0%,47.53
direct image link,0,15,0%,50.13
upload image get link,0,15,0%,53.53
convert picture to link,0,15,0%,54.13
free image url,0,15,0%,59.67
turn photo into link,0,15,0%,62.13
turn picture to url,0,15,0%,63.4
image upload link,0,15,0%,64.47
upload picture with link,0,15,0%,70.8
jpg image url,0,14,0%,7.43
image to ur,0,14,0%,7.93
匿名圖片,0,14,0%,8.29
image convert to link,0,14,0%,13.29
link jpg,0,14,0%,22.21
image link converter,0,14,0%,26.5
hosting immagini,0,14,0%,56
upload image by url,0,14,0%,58.07
anonymous photo upload,0,14,0%,60.43
create photo link,0,14,0%,66.86
embed picture in email,0,14,0%,71.43
image hosting sites free,0,14,0%,76.93
png to jpg,0,14,0%,93.86
jpg link converter,0,13,0%,6.46
imgae to url,0,13,0%,8.54
แปลงรูปเป็นลิงก์,0,13,0%,8.62
image convert link,0,13,0%,8.92
เปลี่ยนรูปเป็นลิงค์,0,13,0%,9.15
из фото ссылка,0,13,0%,9.85
que es el url de una imagen,0,13,0%,10.85
hosting jpg,0,13,0%,13.92
url gif,0,13,0%,22.46
convertir image en url,0,13,0%,24.69
이미지 url 변환,0,13,0%,29.85
link for image,0,13,0%,33
darmowy hosting zdjęć na aukcje,0,13,0%,33.38
turn images into links,0,13,0%,41.69
host image free,0,13,0%,46
image-link seite anmelden,0,13,0%,47.77
dropbox image link,0,13,0%,53.54
share photos full quality,0,13,0%,54.38
picture url creator,0,13,0%,54.54
url gambar,0,13,0%,55.54
get link for image,0,13,0%,58.77
host image,0,13,0%,69.85
img link,0,13,0%,73.77
how to create image url,0,13,0%,76.23
how to embed a picture in an email,0,13,0%,82.85
jpg in png,0,13,0%,85
jpg to url converter online,0,12,0%,6.08
picturetolink,0,12,0%,6.42
แปลงรูปเป็นลิงค์,0,12,0%,8.42
image to url maker,0,12,0%,8.92
image 2 url converter,0,12,0%,9.33
jpeg link generator,0,12,0%,9.42
из фото сделать ссылку,0,12,0%,9.42
写真をurlに変換,0,12,0%,9.92
linki do zdjęć,0,12,0%,11.75
gambar to url,0,12,0%,12.25
get link from image,0,12,0%,14.67
link creator for image,0,12,0%,15
zdjecie na link,0,12,0%,17.25
imgbb alternatives,0,12,0%,20.33
image converter to link,0,12,0%,22.83
picture into link,0,12,0%,25.17
photo link maker,0,12,0%,27.17
pic to url converter,0,12,0%,28.67
change image to url,0,12,0%,32.83
make photo url,0,12,0%,32.92
img url maker,0,12,0%,37
imgur alternatives,0,12,0%,51.17
image to a link,0,12,0%,53.42
url of image,0,12,0%,54.17
convert picture to url,0,12,0%,55.25
free hosting photo,0,12,0%,56.08
converting img to url,0,12,0%,57.5
anonymous image hosting,0,12,0%,57.58
base64 image viewer,0,12,0%,59.25
dropbox image url,0,12,0%,60.75
img hosting,0,12,0%,64.58
get image link,0,12,0%,65
photo url creator,0,12,0%,66.17
free mage hosting,0,12,0%,68.33
image web link,0,12,0%,69.08
image linker,0,12,0%,87.25
image url png,0,11,0%,7
gif to url generator,0,11,0%,7.82
jpg a link,0,11,0%,8.27
image to irl,0,11,0%,8.36
jpgをurlに変換,0,11,0%,9.27
photourl,0,11,0%,9.27
фото превратить в ссылку,0,11,0%,9.45
convert image to url link free,0,11,0%,10.73
imgur alternative free,0,11,0%,13.27
photo to url generator,0,11,0%,13.36
png link maker,0,11,0%,23.36
скриншот в ссылку,0,11,0%,23.82
darmowy hosting zdjec,0,11,0%,27.55
darmowy upload,0,11,0%,28.36
convertir imagen a url,0,11,0%,33.82
link from image,0,11,0%,37.36
upload anonymous photo,0,11,0%,41.09
site:imagetourl.cloud,0,11,0%,41.91
загрузить фото получить ссылку,0,11,0%,46.27
bild url erstellen,0,11,0%,47.82
websites like imgur,0,11,0%,49.73
url image creator,0,11,0%,56.45
free online pic hosting,0,11,0%,57.82
alternatives to imgur,0,11,0%,59.82
create picture link,0,11,0%,59.91
cloudinary alternatives,0,11,0%,60.09
picture url converter,0,11,0%,60.91
upload image to link,0,11,0%,65.36
генератор url ссылок,0,11,0%,65.36
url with image,0,11,0%,65.64
web hosting images free,0,11,0%,66
embed,0,11,0%,67.45
turn picture into url,0,11,0%,68
best free image hosting,0,11,0%,70.09
heic to jpg,0,11,0%,71.91
image for url,0,11,0%,72.64
turn an image into a link,0,11,0%,73.55
make photo into url,0,11,0%,74.18
url picture,0,11,0%,75.18
image hoster,0,11,0%,75.55
free cdn for images,0,11,0%,77.82
png to pdf converter,0,11,0%,87.73
multi upload,0,11,0%,94.55
image to embed code,0,10,0%,6.4
jpg url 변환,0,10,0%,9
เปลี่ยนรูปภาพเป็นลิงค์,0,10,0%,9
url generator from image,0,10,0%,9.7
image convert to link free,0,10,0%,10.1
convert image to url free,0,10,0%,10.2
image2url,0,10,0%,11
image to url free converter,0,10,0%,11.7
que es la url de una imagen,0,10,0%,13.2
create link image,0,10,0%,16.4
darmowy upload zdjęć,0,10,0%,20.6
url creator for image,0,10,0%,22.7
come trovare l'url di un'immagine,0,10,0%,32.7
darmowy serwer zdjęć,0,10,0%,33.1
creare url immagine online,0,10,0%,37.5
how to convert image to url,0,10,0%,40.7
upload photo to url,0,10,0%,44.2
creare url immagine,0,10,0%,47.5
pic url generator,0,10,0%,49.9
webp jpg 変換,0,10,0%,50.2
imagine url,0,10,0%,53
create url image,0,10,0%,54
ebay picture hosting,0,10,0%,55.3
free host image,0,10,0%,56.8
image url upload,0,10,0%,60.3
make image into url,0,10,0%,63.6
online image hosting,0,10,0%,65.5
upload image with url,0,10,0%,66.5
heic in pdf umwandeln,0,10,0%,67.1
url de imagen,0,10,0%,67.7
get url for image,0,10,0%,70.1
png to webp,0,10,0%,70.2
upload picture for url,0,10,0%,71.2
image direct link,0,10,0%,77.6
jpg in png umwandeln,0,10,0%,79.5
how to turn an image into a link,0,10,0%,85.2
free image hosting site,0,10,0%,85.7
how to embed a jpeg in an email,0,10,0%,85.7
convert png to pdf,0,10,0%,87.1
png in jpg,0,10,0%,89
png in pdf,0,10,0%,93.6
embed code generator,0,10,0%,94.3
foto ke url,0,9,0%,8.67
pic to url link,0,9,0%,9.33
img link maker,0,9,0%,9.67
เปลี่ยนรูปเป็นลิ้ง,0,9,0%,9.67
screenshot to link converter,0,9,0%,9.78
image to link converter free,0,9,0%,11
que es url de una imagen,0,9,0%,16.89
generate image link,0,9,0%,19.56
convertir imagen en url gratis,0,9,0%,23
photo convert to link,0,9,0%,26.44
画像 共有リンク,0,9,0%,26.67
сделать ссылку на фото,0,9,0%,32.56
foto hosting,0,9,0%,35.44
hosting image free,0,9,0%,36.33
create a link for image,0,9,0%,39.22
get link image,0,9,0%,42.89
make image to url,0,9,0%,44.22
transformar imagem em link,0,9,0%,45.67
ebay photo hosting,0,9,0%,45.78
image hosting like imgur,0,9,0%,45.78
create picture url,0,9,0%,46.78
img host,0,9,0%,50.78
images url,0,9,0%,50.89
make link for image,0,9,0%,51.67
imagen a url,0,9,0%,56.67
make picture url,0,9,0%,57.22
host immagini,0,9,0%,58
picture link converter,0,9,0%,59.78
caricamento immagini,0,9,0%,60.78
create an image url,0,9,0%,63.89
dropbox direct image link,0,9,0%,64.22
convert images to links,0,9,0%,67
change picture to url,0,9,0%,68.89
images to link,0,9,0%,69
how to get an image url,0,9,0%,71.78
turn a photo into a link,0,9,0%,72
how to create a url for an image,0,9,0%,73.78
cdn image free,0,9,0%,74.33
picture upload url,0,9,0%,77.22
get photo url,0,9,0%,78
jpg to png,0,9,0%,79.11
what is picture url,0,9,0%,87.78
urls for pictures,0,9,0%,88.22
how to embed image in email,0,9,0%,95.22
ทำรูปเป็นลิ้ง,0,8,0%,5.38
make png link,0,8,0%,7.88
image to.url,0,8,0%,8.25
jpg link to image,0,8,0%,8.25
image a url,0,8,0%,8.5
que es url de imagen,0,8,0%,8.62
imgbb alternative free,0,8,0%,8.75
image link generator png,0,8,0%,8.88
из изображения в ссылку,0,8,0%,8.88
image to url converter free online,0,8,0%,9
{{iurl}}a1/9.webp,0,8,0%,9.38
альтернатива имгур,0,8,0%,9.62
замена имгур,0,8,0%,10.38
画像をリンク化,0,8,0%,10.38
аналоги имгура,0,8,0%,11.25
превратить картинку в ссылку,0,8,0%,13.62
image jpg link,0,8,0%,15.5
link image to url,0,8,0%,18.5
pic to link converter,0,8,0%,18.5
переделать фото в ссылку,0,8,0%,18.88
permanent image hosting,0,8,0%,26.12
images to link converter,0,8,0%,26.38
serwer zdjec,0,8,0%,32.25
hosting obrazków,0,8,0%,35.38
gif hosting website,0,8,0%,37.88
images url generator,0,8,0%,39.25
image converter url,0,8,0%,41.88
like imgur,0,8,0%,42.12
darmowy serwer foto,0,8,0%,44.38
gif host,0,8,0%,45.62
generate link for image,0,8,0%,46.25
img url link,0,8,0%,47.38
create link for photo,0,8,0%,48.75
picture url generator free,0,8,0%,49.88
free image hosting server,0,8,0%,50.75
change photo to url,0,8,0%,52.38
image online url,0,8,0%,53.38
make picture into url,0,8,0%,54.62
image hosting for ebay,0,8,0%,54.88
create link of image,0,8,0%,56.75
link to photo,0,8,0%,57
screenshot link,0,8,0%,64.62
convertir imagen en url,0,8,0%,67.12
url img,0,8,0%,67.62
free hosting of images,0,8,0%,69.88
heic zu pdf,0,8,0%,70
url immagini,0,8,0%,70.12
url for images,0,8,0%,71.12
get url from image,0,8,0%,72.25
url for an image,0,8,0%,72.62
photo hosting,0,8,0%,73.5
embed image,0,8,0%,73.88
get an image url,0,8,0%,74.25
heic in pdf,0,8,0%,75
bild url,0,8,0%,75.25
make link from image,0,8,0%,76.75
image link url,0,8,0%,77.5
embedded code generator,0,8,0%,79.12
how to make a url for an image,0,8,0%,85.38
how to make a photo a url,0,8,0%,88.25
image uploader for website,0,8,0%,88.5
screenshot sharing,0,8,0%,91
convert png to jpg,0,8,0%,94.62
مشاركة واتساب,0,8,0%,97.75
imgbb vs imgur,0,7,0%,5
image2ur,0,7,0%,5.71
free image hosting services 2026,0,7,0%,6.86
chatgpt image link,0,7,0%,7.86
image to urk,0,7,0%,8
image to url convertor,0,7,0%,9.29
แปลงภาพเป็นลิ้ง,0,7,0%,9.29
image to image url converter,0,7,0%,9.43
how to convert jpg to url link,0,7,0%,9.86
jpegをurlに変換,0,7,0%,9.86
แปลง รูปเป็น ลิงค์ ฟรี,0,7,0%,9.86
jpg轉網址,0,7,0%,10.14
picture to url link,0,7,0%,10.14
jpg url化,0,7,0%,10.43
写真をurlに,0,7,0%,10.71
конвертация фото в ссылку,0,7,0%,11.14
transformer image en url,0,7,0%,11.57
ai image generator хостинг,0,7,0%,13.71
da immagine a url,0,7,0%,14.43
imagine link,0,7,0%,19.29
foto to link,0,7,0%,20.14
upload image url jpg,0,7,0%,20.57
image hosting for reddit,0,7,0%,25.14
convert images to url,0,7,0%,25.57
url png,0,7,0%,26.86
画像共有 リンク,0,7,0%,26.86
hosting obrazów,0,7,0%,29.43
bezpłatny hosting zdjęć,0,7,0%,35.29
hosting grafiki,0,7,0%,36.43
upload url image,0,7,0%,36.86
upload image as url,0,7,0%,38.57
turn image to link,0,7,0%,38.86
скриншот ссылка,0,7,0%,39.14
convert pic to url,0,7,0%,43.29
cdn images free,0,7,0%,44
anon image upload,0,7,0%,44.14
convert pic to link,0,7,0%,45.14
make url image,0,7,0%,45.14
turn photo into url,0,7,0%,46
crea link immagine,0,7,0%,46.71
transformar imagem em url,0,7,0%,47.43
free image hosting api,0,7,0%,49.14
link to image,0,7,0%,49.14
image upload anonymous,0,7,0%,50.57
serwer na zdjecia,0,7,0%,52.43
upload image to get url,0,7,0%,52.71
upload images to url,0,7,0%,55
photo hosting for ebay,0,7,0%,56
how to make image url,0,7,0%,56.29
image hyperlink generator,0,7,0%,62.43
upload pic for url,0,7,0%,62.57
creare link immagine,0,7,0%,63.14
photo url upload,0,7,0%,63.86
url de una imagen,0,7,0%,65.29
make photo link,0,7,0%,65.43
get picture url,0,7,0%,68.71
image upload free,0,7,0%,70.43
freeimagehost,0,7,0%,71.14
imagen a link,0,7,0%,71.14
url an image,0,7,0%,71.43
image upload for url,0,7,0%,71.71
image hosting with url,0,7,0%,72.57
image link website,0,7,0%,73
dropbox image hosting,0,7,0%,73.71
url image link,0,7,0%,75.29
direct link image,0,7,0%,75.57
free picture hosting,0,7,0%,78.14
how to make a picture into a url,0,7,0%,82.43
create a link for a photo,0,7,0%,83.71
how to turn image into link,0,7,0%,84.71
mehrere bilder hochladen,0,7,0%,89.29
image srcset,0,7,0%,92.71
embed images in html email,0,7,0%,98.29
jpg ke link,0,6,0%,7.17
jpg image to link,0,6,0%,7.67
how to get png url,0,6,0%,7.83
image to rul,0,6,0%,7.83
gif2url,0,6,0%,8.5
image 2url,0,6,0%,8.83
pic to link generator,0,6,0%,8.83
image to utl,0,6,0%,9
covert image to url,0,6,0%,9.33
сделать сылку из фото,0,6,0%,9.5
convert img to url,0,6,0%,9.83
imagr to url,0,6,0%,9.83
convert screenshot to link,0,6,0%,10
гиф в ссылку,0,6,0%,10
เปลี่ยนรูปเป็น url,0,6,0%,10.67
pic into url,0,6,0%,11.17
عکس به لینک,0,6,0%,11.33
image to url link free,0,6,0%,11.67
screenshot to url link,0,6,0%,11.67
перевести фото в ссылку,0,6,0%,13.5
convert photo to url link,0,6,0%,13.67
แปลงรูปเป็นลิ้งค์,0,6,0%,14
post image url,0,6,0%,14.83
to url,0,6,0%,15
permanent image url,0,6,0%,15.83
圖片網址,0,6,0%,16.17
pictures to url,0,6,0%,18.33
hostowanie zdjęć,0,6,0%,20.67
host gif online,0,6,0%,23.83
picture into url,0,6,0%,24.33
hosting zdj,0,6,0%,26
postimages alternative,0,6,0%,28
serwer zdjęć,0,6,0%,32.33
darmowy hosting obrazków,0,6,0%,32.5
photos to link,0,6,0%,33.83
converter imagem em url,0,6,0%,38
forum image hosting,0,6,0%,39.5
create a url for an image,0,6,0%,40.33
convert image to hyperlink,0,6,0%,43
imgur like,0,6,0%,46
imagem em url,0,6,0%,46.83
free hosting photos,0,6,0%,50
best free image hosting sites,0,6,0%,52
upload picture to get url,0,6,0%,52.33
alternative to cloudinary,0,6,0%,53
host image url,0,6,0%,55.17
image host website,0,6,0%,57.5
make an image url,0,6,0%,57.83
make picture link,0,6,0%,58.17
이미지 url,0,6,0%,58.17
image hosting for free,0,6,0%,63.33
what is a picture url,0,6,0%,64.17
turn pic into url,0,6,0%,64.33
how to turn an image into a url link,0,6,0%,65.17
image as link,0,6,0%,65.83
make a image url,0,6,0%,66.17
url für bild erstellen,0,6,0%,66.83
create a picture url,0,6,0%,69.67
website image hosting,0,6,0%,70.5
fotos hochladen ohne anmeldung,0,6,0%,71
turn pictures into links,0,6,0%,71
free cdn images,0,6,0%,72.33
pic url maker,0,6,0%,72.33
%imageurl%,0,6,0%,73
image hosting server,0,6,0%,75.33
upload photo with url,0,6,0%,76.5
upload photo for url,0,6,0%,76.67
upload pictures url,0,6,0%,76.67
how to turn an image into a url,0,6,0%,77
how to make an image a url,0,6,0%,77.67
screenshot link erstellen,0,6,0%,78.5
image share link,0,6,0%,78.67
free image hosting websites,0,6,0%,79.67
photo direct link,0,6,0%,80.33
get photo link,0,6,0%,80.67
webp in png,0,6,0%,82
webp to jpg online,0,6,0%,82.33
turn a picture into a url,0,6,0%,83.83
bilder verlinken,0,6,0%,84.33
quick image hosting,0,6,0%,84.67
how to make an image into a url,0,6,0%,85.17
how to create url for image,0,6,0%,87.33
what is hotlinking,0,6,0%,87.33
how to make url of image,0,6,0%,87.83
how to embed image in html email,0,6,0%,98.67
image url jpg,0,5,0%,7.6
gif url 변환,0,5,0%,7.8
image tu url,0,5,0%,8
imahe to url,0,5,0%,8
how to get png link from image,0,5,0%,8.4
image upload and get link,0,5,0%,8.4
image to ur;,0,5,0%,8.8
immagini per forum,0,5,0%,9
logo to url,0,5,0%,9
image to jpg link converter,0,5,0%,9.4
из фотки в ссылку,0,5,0%,9.4
photo to url converter free,0,5,0%,9.6
photo url link,0,5,0%,9.6
convert image to link online,0,5,0%,9.8
image to link maker,0,5,0%,9.8
convertir jpg en url,0,5,0%,10
ทํารูปเป็นลิงค์,0,5,0%,10.2
преобразование фото в ссылку,0,5,0%,10.6
trasforma foto in link,0,5,0%,11
แปลงรูปภาพเป็นลิงค์,0,5,0%,13.2
convertir jpg a link,0,5,0%,14.8
photo convert link,0,5,0%,15.2
конвертер фото в ссылку,0,5,0%,15.4
gifs url,0,5,0%,16
сделать из картинки ссылку,0,5,0%,16
photos to url converter,0,5,0%,17
image url converter free,0,5,0%,19.2
преобразовать фото в ссылку,0,5,0%,21.6
upload image and get url,0,5,0%,23
скриншот ссылкой,0,5,0%,23.6
image url create,0,5,0%,24.6
subir fotos anonimas,0,5,0%,25.8
trasformare foto in link,0,5,0%,26.6
image link create,0,5,0%,27.2
hosting zdjęć bez limitu,0,5,0%,28
image address,0,5,0%,28
создать ссылку на фото,0,5,0%,28.4
direct image url,0,5,0%,29
image link hosting,0,5,0%,33.6
create url link for image,0,5,0%,34
무료 이미지 호스팅,0,5,0%,34.2
hosting do zdjęć,0,5,0%,34.6
bildlink,0,5,0%,36.2
link do zdjęć,0,5,0%,36.4
url generator for image,0,5,0%,37
link url image,0,5,0%,38.2
wrzucanie zdjęć na serwer,0,5,0%,38.4
img.url,0,5,0%,40.6
images to links,0,5,0%,41
upload image url png,0,5,0%,41.4
alojar imagenes gratis,0,5,0%,44.2
najlepszy hosting zdjęć,0,5,0%,44.6
turn photos into links,0,5,0%,45.2
photo free hosting,0,5,0%,46.2
image url online,0,5,0%,47
siti hosting immagini,0,5,0%,47